# Host: 127.0.0.1  (Version: 5.5.34)
# Date: 2015-07-01 07:27:18
# Generator: MySQL-Front 5.3  (Build 4.214)

/*!40101 SET NAMES utf8 */;

#
# Structure for table "bill"
#

DROP TABLE IF EXISTS `bill`;
CREATE TABLE `bill` (
  `ID` varchar(32) DEFAULT NULL,
  `BILL_ID` varchar(32) NOT NULL DEFAULT '' COMMENT '编号',
  `OFFICE_ID` varchar(32) NOT NULL DEFAULT '' COMMENT '理财室编号',
  `USER_ID` varchar(32) NOT NULL DEFAULT '' COMMENT '员工号',
  `USER_NAME` varchar(32) DEFAULT NULL COMMENT '员工姓名',
  `CRT_DATE` varchar(50) NOT NULL DEFAULT '' COMMENT '创建日期',
  `DUE_DATE` varchar(8) NOT NULL DEFAULT '' COMMENT '到期日期',
  `CUST_ID` varchar(32) NOT NULL DEFAULT '' COMMENT '客户编号',
  `CUST_NAME` varchar(50) NOT NULL DEFAULT '' COMMENT '客户名称',
  `BILL_TYPE` varchar(32) NOT NULL,
  `BANK_ID` varchar(32) NOT NULL DEFAULT '' COMMENT '银行编号',
  `STORAGE_ID` varchar(32) DEFAULT NULL,
  `TERMINAL_ID` varchar(32) DEFAULT NULL,
  `SIGN_STATUS` varchar(1) NOT NULL DEFAULT '' COMMENT '签约状态',
  `BEGIN_TIME` datetime DEFAULT NULL COMMENT '开始时间',
  `END_TIME` datetime DEFAULT NULL COMMENT '结束时间',
  `STATUS` varchar(1) DEFAULT NULL COMMENT '文件状态',
  `B_STATUS` varchar(1) DEFAULT NULL COMMENT '理财业务状态',
  `FILE_COUNT` int(11) DEFAULT '0' COMMENT '上传次数',
  `NOTE` varchar(100) DEFAULT NULL COMMENT '备注',
  `CRT_TIME` datetime DEFAULT NULL,
  `FBEGIN_TIME` datetime DEFAULT NULL,
  `FEND_TIME` datetime DEFAULT NULL,
  `IS_DEL` varchar(1) DEFAULT '1' COMMENT '删除',
  PRIMARY KEY (`BILL_ID`)
) ENGINE=InnoDB DEFAULT CHARSET=utf8;

#
# Data for table "bill"
#

INSERT INTO `bill` VALUES ('8a8a8b9e4e451f9f014e45226d7e0005','201506300001','22','admin','管理员','20150630','20150730','0000000003','ZHANGSAN','ff8080814dd4065a014dd406eb000001','8a2380e34d9ae790014d9afc13ac000c','jn001','111','0',NULL,NULL,'0','0',NULL,'',NULL,NULL,NULL,'1');

#
# Structure for table "bill_detail"
#

DROP TABLE IF EXISTS `bill_detail`;
CREATE TABLE `bill_detail` (
  `ID` varchar(32) DEFAULT NULL,
  `BILL_ID` varchar(32) NOT NULL,
  `CHANNEL_ID` varchar(32) NOT NULL,
  `FILE_URL` varchar(250) DEFAULT NULL,
  `FILE_NAME` varchar(100) DEFAULT NULL,
  `BEGIN_TIME` datetime DEFAULT NULL,
  `END_TIME` datetime DEFAULT NULL,
  `STATUS` varchar(100) DEFAULT NULL,
  `FILE_RATE` int(11) DEFAULT NULL COMMENT '文件上传百分比%',
  `IS_DEL` varchar(1) DEFAULT '1' COMMENT '删除',
  PRIMARY KEY (`BILL_ID`,`CHANNEL_ID`)
) ENGINE=InnoDB DEFAULT CHARSET=utf8;

#
# Data for table "bill_detail"
#

INSERT INTO `bill_detail` VALUES ('1','201507010002','001','http://127.0.0.1:8080/docs/test.mp4','??',NULL,NULL,'2',0,NULL),('133','201507020001','001','http://127.0.0.1:8080/docs/test0.mp4','afafaf',NULL,NULL,'2',0,NULL),('2','201507020002','002','http://127.0.0.1:8080/docs/test0.mp4','mybuss',NULL,NULL,'2',0,NULL);
#
# Structure for table "bill_product"
#

DROP TABLE IF EXISTS `bill_product`;
CREATE TABLE `bill_product` (
  `ID` varchar(32) DEFAULT NULL,
  `BILL_ID` varchar(32) NOT NULL,
  `PRODUCT_ID` varchar(32) NOT NULL,
  `BILL_NUM` varchar(100) DEFAULT NULL,
  `PUH_CARD` varchar(50) DEFAULT NULL,
  `QTY` decimal(22,0) DEFAULT '0',
  `PRICE` decimal(14,2) DEFAULT '0.00',
  `AMT` decimal(22,2) DEFAULT '0.00',
  `STATUS` varchar(1) DEFAULT '1',
  `NOTE` varchar(200) DEFAULT NULL,
  PRIMARY KEY (`BILL_ID`)
) ENGINE=InnoDB DEFAULT CHARSET=utf8;

#
# Data for table "bill_product"
#

INSERT INTO `bill_product` VALUES ('8a8a8b9e4e44e824014e44f3e86e000c','8a8a8b9e4e44e824014e44f3e84f000b','11','ww','ww',1,1.00,0.00,'0',''),('8a8a8b9e4e44e824014e44fc39fd001c','8a8a8b9e4e44e824014e44fc39cf001b','111','1','1',1,1.00,1.00,'0',''),('8a8a8b9e4e44e824014e44fd0ab30023','8a8a8b9e4e44e824014e44fd0ab30022','11','1','1',1,11.00,1.00,'0',''),('8a8a8b9e4e44e824014e44fd426d0026','8a8a8b9e4e44e824014e44fd426d0025','111','1','1',1,1.00,1.00,'0',''),('8a8a8b9e4e44e824014e44ffc3f8002b','8a8a8b9e4e44e824014e44ffc3f8002a','111','1','1',1,1.00,1.00,'0',''),('8a8a8b9e4e44e824014e450696be0048','8a8a8b9e4e44e824014e450696be0047','111','1','1',1,1.00,1.00,'0',''),('8a8a8b9e4e4509bc014e450afb410005','8a8a8b9e4e4509bc014e450afb210004','111','1','1',0,0.00,0.00,'0',''),('8a8a8b9e4e4509bc014e45113c890008','8a8a8b9e4e4509bc014e45113c890007','111','q','q',1,1.00,1.00,'0',''),('8a8a8b9e4e4509bc014e45158180000e','8a8a8b9e4e4509bc014e45158161000d','','','',0,0.00,0.00,'0',''),('8a8a8b9e4e4509bc014e4517e11a0011','8a8a8b9e4e4509bc014e4517e11a0010','','','',0,0.00,0.00,'0',''),('8a8a8b9e4e4509bc014e451a0d970014','8a8a8b9e4e4509bc014e451a0d970013','','','',0,0.00,0.00,'0',''),('8a8a8b9e4e451f9f014e45226d7e0006','8a8a8b9e4e451f9f014e45226d7e0005','','','',0,0.00,0.00,'0','');

#
# Structure for table "bussproduct"
#

DROP TABLE IF EXISTS `bussproduct`;
CREATE TABLE `bussproduct` (
  `ID` varchar(32) DEFAULT NULL,
  `PRODUCT_ID` varchar(32) NOT NULL DEFAULT '' COMMENT '产品编号',
  `PRODUCT_NAME` varchar(100) NOT NULL DEFAULT '' COMMENT '产品名称',
  `BUSSTYPE_ID` varchar(32) NOT NULL DEFAULT '' COMMENT '业务类型编号',
  `RISK_NAME` varchar(32) DEFAULT NULL COMMENT '风险级别',
  `COM_NAME` varchar(100) DEFAULT NULL COMMENT '所属单位',
  `DUE_DATA` varchar(8) DEFAULT NULL COMMENT '产品到期日',
  `PRICE` decimal(14,2) DEFAULT NULL COMMENT '价格',
  `NOTE` varchar(100) DEFAULT NULL COMMENT '备注',
  PRIMARY KEY (`PRODUCT_ID`)
) ENGINE=InnoDB DEFAULT CHARSET=utf8;

#
# Data for table "bussproduct"
#

INSERT INTO `bussproduct` VALUES ('8a8a8b9e4dd5b5e6014dd5b6c7b40004','11','11','ff8080814dd3f211014dd3f393b90001','0','1','1',1.00,''),('8a8a8b9e4dd5c1d9014dd5c2afd50001','111','111','ff8080814dd4065a014dd406eb000001','0','11','11',NULL,''),('ff8080814dd40cbf014dd40f3dba0001','qq','qq','ff8080814dd3f211014dd3f40c440003','0','qq','qq',1.00,'');

#
# Structure for table "busstype"
#

DROP TABLE IF EXISTS `busstype`;
CREATE TABLE `busstype` (
  `ID` varchar(32) NOT NULL,
  `BUSSTYPE_ID` varchar(32) NOT NULL DEFAULT '' COMMENT '类型编号',
  `BUSSTYPE_NAME` varchar(100) NOT NULL DEFAULT '' COMMENT '类型名称',
  `BUSSTYPE_LEVEL` int(11) DEFAULT NULL,
  `MONTH` int(11) DEFAULT '0' COMMENT '保存时间(月)',
  `NOTE` varchar(100) DEFAULT NULL COMMENT '备注',
  `PARENTFUNCTIONID` varchar(32) DEFAULT NULL COMMENT '父级类型编号',
  PRIMARY KEY (`ID`)
) ENGINE=InnoDB DEFAULT CHARSET=utf8;

#
# Data for table "busstype"
#

INSERT INTO `busstype` VALUES ('8a8a8b9e4dd5b10e014dd5b1ecc50001','8a8a8b9e4dd5b10e014dd5b1ecc50001','国债',1,3,'21','ff8080814dd3f211014dd3f393b90001'),('ff8080814dd3f211014dd3f393b90001','ff8080814dd3f211014dd3f393b90001','传统类',0,3,'',NULL),('ff8080814dd3f211014dd3f40c440003','ff8080814dd3f211014dd3f40c440003','保险',0,12,'',NULL),('ff8080814dd4065a014dd406eb000001','ff8080814dd4065a014dd406eb000001','贵金属',0,12,'',NULL),('ff8080814dd4065a014dd40707a60003','ff8080814dd4065a014dd40707a60003','定存',1,3,'','ff8080814dd3f211014dd3f393b90001');

#
# Structure for table "cgform_button"
#

DROP TABLE IF EXISTS `cgform_button`;
CREATE TABLE `cgform_button` (
  `ID` varchar(32) NOT NULL,
  `BUTTON_CODE` varchar(50) DEFAULT NULL,
  `button_icon` varchar(20) DEFAULT NULL,
  `BUTTON_NAME` varchar(50) DEFAULT NULL,
  `BUTTON_STATUS` varchar(2) DEFAULT NULL,
  `BUTTON_STYLE` varchar(20) DEFAULT NULL,
  `EXP` varchar(255) DEFAULT NULL,
  `FORM_ID` varchar(32) DEFAULT NULL,
  `OPT_TYPE` varchar(20) DEFAULT NULL,
  `order_num` int(11) DEFAULT NULL,
  PRIMARY KEY (`ID`)
) ENGINE=InnoDB DEFAULT CHARSET=utf8;

#
# Data for table "cgform_button"
#


#
# Structure for table "cgform_button_sql"
#

DROP TABLE IF EXISTS `cgform_button_sql`;
CREATE TABLE `cgform_button_sql` (
  `ID` varchar(32) NOT NULL,
  `BUTTON_CODE` varchar(50) DEFAULT NULL,
  `CGB_SQL` tinyblob,
  `CGB_SQL_NAME` varchar(50) DEFAULT NULL,
  `CONTENT` longtext,
  `FORM_ID` varchar(32) DEFAULT NULL,
  PRIMARY KEY (`ID`)
) ENGINE=InnoDB DEFAULT CHARSET=utf8;

#
# Data for table "cgform_button_sql"
#


#
# Structure for table "cgform_category"
#

DROP TABLE IF EXISTS `cgform_category`;
CREATE TABLE `cgform_category` (
  `ID` varchar(32) NOT NULL,
  `category_code` varchar(32) DEFAULT NULL,
  `cgform_id` varchar(32) DEFAULT NULL,
  PRIMARY KEY (`ID`)
) ENGINE=InnoDB DEFAULT CHARSET=utf8;

#
# Data for table "cgform_category"
#


#
# Structure for table "cgform_enhance_js"
#

DROP TABLE IF EXISTS `cgform_enhance_js`;
CREATE TABLE `cgform_enhance_js` (
  `ID` varchar(32) NOT NULL,
  `CG_JS` blob,
  `CG_JS_TYPE` varchar(20) DEFAULT NULL,
  `CONTENT` longtext,
  `FORM_ID` varchar(32) DEFAULT NULL,
  PRIMARY KEY (`ID`)
) ENGINE=InnoDB DEFAULT CHARSET=utf8;

#
# Data for table "cgform_enhance_js"
#


#
# Structure for table "cgform_field"
#

DROP TABLE IF EXISTS `cgform_field`;
CREATE TABLE `cgform_field` (
  `id` varchar(32) NOT NULL,
  `content` varchar(200) NOT NULL,
  `create_by` varchar(255) DEFAULT NULL,
  `create_date` datetime DEFAULT NULL,
  `create_name` varchar(32) DEFAULT NULL,
  `dict_field` varchar(100) DEFAULT NULL,
  `dict_table` varchar(100) DEFAULT NULL,
  `dict_text` varchar(100) DEFAULT NULL,
  `field_default` varchar(20) DEFAULT NULL,
  `field_href` varchar(200) DEFAULT NULL,
  `field_length` int(11) DEFAULT NULL,
  `field_name` varchar(32) NOT NULL,
  `field_valid_type` varchar(10) DEFAULT NULL,
  `is_key` varchar(2) DEFAULT NULL,
  `is_null` varchar(5) DEFAULT NULL,
  `is_query` varchar(5) DEFAULT NULL,
  `is_show` varchar(5) DEFAULT NULL,
  `is_show_list` varchar(5) DEFAULT NULL,
  `length` int(11) NOT NULL,
  `main_field` varchar(100) DEFAULT NULL,
  `main_table` varchar(100) DEFAULT NULL,
  `old_field_name` varchar(32) DEFAULT NULL,
  `order_num` int(11) DEFAULT NULL,
  `point_length` int(11) DEFAULT NULL,
  `query_mode` varchar(10) DEFAULT NULL,
  `show_type` varchar(10) DEFAULT NULL,
  `type` varchar(32) NOT NULL,
  `update_by` varchar(32) DEFAULT NULL,
  `update_date` datetime DEFAULT NULL,
  `update_name` varchar(32) DEFAULT NULL,
  `table_id` varchar(32) NOT NULL,
  PRIMARY KEY (`id`)
) ENGINE=InnoDB DEFAULT CHARSET=utf8;

#
# Data for table "cgform_field"
#

INSERT INTO `cgform_field` VALUES ('40283f824d840865014d840905020132','主键','admin','2015-05-24 11:48:13','管理员','','',NULL,NULL,NULL,0,'id',NULL,'Y','N','N','N','N',36,'','',NULL,0,0,'single','text','string',NULL,NULL,NULL,'40283f824d840865014d840904f3012d'),('40283f824d840865014d840905060133','订单号','admin','2015-05-24 11:48:13','管理员','','',NULL,NULL,NULL,0,'order_code',NULL,'N','Y','Y','Y','Y',50,'','',NULL,1,0,'single','text','string',NULL,NULL,NULL,'40283f824d840865014d840904f3012d'),('40283f824d840865014d840905080134','订单日期','admin','2015-05-24 11:48:13','管理员','','',NULL,NULL,NULL,0,'order_date',NULL,'N','Y','Y','Y','Y',20,'','',NULL,2,0,'single','date','Date',NULL,NULL,NULL,'40283f824d840865014d840904f3012d'),('40283f824d840865014d840905090135','订单金额','admin','2015-05-24 11:48:13','管理员','','',NULL,NULL,NULL,0,'order_money',NULL,'N','Y','Y','Y','Y',10,'','',NULL,3,3,'single','text','double',NULL,NULL,NULL,'40283f824d840865014d840904f3012d'),('40283f824d840865014d8409050b0136','备注','admin','2015-05-24 11:48:13','管理员','','',NULL,NULL,NULL,0,'content',NULL,'N','Y','Y','Y','Y',255,'','',NULL,4,0,'single','text','string',NULL,NULL,NULL,'40283f824d840865014d840904f3012d'),('40283f824d840865014d840905120137','主键','admin','2015-05-24 11:48:13','管理员','','',NULL,NULL,NULL,0,'id',NULL,'Y','N','N','N','N',36,'','',NULL,0,0,'single','text','string',NULL,NULL,NULL,'40283f824d840865014d840904f7012e'),('40283f824d840865014d840905130138','请假标题','admin','2015-05-24 11:48:13','管理员','','',NULL,NULL,NULL,0,'title',NULL,'N','N','N','Y','Y',50,'','',NULL,1,0,'single','text','string',NULL,NULL,NULL,'40283f824d840865014d840904f7012e'),('40283f824d840865014d840905150139','请假人','admin','2015-05-24 11:48:13','管理员','','',NULL,NULL,NULL,0,'people',NULL,'N','N','Y','Y','Y',20,'','',NULL,2,0,'single','text','string',NULL,NULL,NULL,'40283f824d840865014d840904f7012e'),('40283f824d840865014d84090516013a','性别','admin','2015-05-24 11:48:13','管理员','sex','',NULL,NULL,NULL,0,'sex',NULL,'N','N','Y','Y','Y',10,'','',NULL,3,0,'single','list','string',NULL,NULL,NULL,'40283f824d840865014d840904f7012e'),('40283f824d840865014d84090518013b','请假开始时间','admin','2015-05-24 11:48:13','管理员','','',NULL,NULL,NULL,0,'begindate',NULL,'N','N','N','Y','Y',0,'','',NULL,4,0,'group','date','Date',NULL,NULL,NULL,'40283f824d840865014d840904f7012e'),('40283f824d840865014d84090519013c','请假结束时间','admin','2015-05-24 11:48:13','管理员','','',NULL,NULL,NULL,0,'enddate',NULL,'N','N','N','Y','Y',0,'','',NULL,5,0,'group','datetime','Date',NULL,NULL,NULL,'40283f824d840865014d840904f7012e'),('40283f824d840865014d8409051b013d','所属部门','admin','2015-05-24 11:48:13','管理员','id','t_s_depart','departname',NULL,NULL,0,'hol_dept',NULL,'N','N','N','Y','Y',32,'','',NULL,7,0,'single','list','string',NULL,NULL,NULL,'40283f824d840865014d840904f7012e'),('40283f824d840865014d8409051c013e','请假原因','admin','2015-05-24 11:48:13','管理员','','',NULL,NULL,NULL,0,'hol_reson',NULL,'N','N','N','Y','Y',255,'','',NULL,8,0,'single','text','string',NULL,NULL,NULL,'40283f824d840865014d840904f7012e'),('40283f824d840865014d8409051d013f','部门审批人','admin','2015-05-24 11:48:13','管理员','','',NULL,NULL,NULL,0,'dep_leader',NULL,'N','N','N','Y','Y',20,'','',NULL,9,0,'single','text','string',NULL,NULL,NULL,'40283f824d840865014d840904f7012e'),('40283f824d840865014d8409051f0140','部门审批意见','admin','2015-05-24 11:48:13','管理员','','',NULL,NULL,NULL,0,'content',NULL,'N','N','N','Y','Y',255,'','',NULL,10,0,'single','text','string',NULL,NULL,NULL,'40283f824d840865014d840904f7012e'),('40283f824d840865014d840905210141','请假天数','admin','2015-05-24 11:48:13','管理员','','',NULL,NULL,NULL,120,'day_num',NULL,'N','Y','N','Y','Y',10,'','',NULL,6,0,'single','text','int',NULL,NULL,NULL,'40283f824d840865014d840904f7012e'),('40283f824d840865014d840905290142','主键','admin','2015-05-24 11:48:13','管理员','','',NULL,NULL,NULL,0,'id',NULL,'Y','N','N','N','N',36,'','',NULL,0,0,'single','text','string',NULL,NULL,NULL,'40283f824d840865014d840904f8012f'),('40283f824d840865014d8409052b0143','客户名','admin','2015-05-24 11:48:13','管理员','','',NULL,NULL,NULL,0,'name',NULL,'N','Y','Y','Y','Y',32,'','',NULL,1,0,'single','text','string',NULL,NULL,NULL,'40283f824d840865014d840904f8012f'),('40283f824d840865014d8409052c0144','单价','admin','2015-05-24 11:48:13','管理员','','',NULL,NULL,NULL,0,'money',NULL,'N','Y','Y','Y','Y',10,'','',NULL,2,2,'group','text','double',NULL,NULL,NULL,'40283f824d840865014d840904f8012f'),('40283f824d840865014d8409052e0145','外键','admin','2015-05-24 11:48:13','管理员','','',NULL,NULL,NULL,120,'fk_id',NULL,'N','N','Y','N','N',36,'id','jform_order_main',NULL,5,0,'single','text','string',NULL,NULL,NULL,'40283f824d840865014d840904f8012f'),('40283f824d840865014d8409052f0146','电话','admin','2015-05-24 11:48:13','管理员','','',NULL,NULL,NULL,120,'telphone',NULL,'N','Y','Y','Y','Y',32,'','',NULL,4,0,'single','text','string',NULL,NULL,NULL,'40283f824d840865014d840904f8012f'),('40283f824d840865014d840905310147','性别','admin','2015-05-24 11:48:13','管理员','sex','',NULL,NULL,NULL,120,'sex',NULL,'N','Y','Y','Y','Y',4,'','',NULL,3,0,'single','radio','string',NULL,NULL,NULL,'40283f824d840865014d840904f8012f'),('40283f824d840865014d840905340148','主键','admin','2015-05-24 11:48:13','管理员','','',NULL,NULL,NULL,120,'id',NULL,'Y','N','N','N','N',36,'','',NULL,0,0,'single','checkbox','string',NULL,NULL,NULL,'40283f824d840865014d840904fa0130'),('40283f824d840865014d840905360149','航班号','admin','2015-05-24 11:48:13','管理员','','',NULL,NULL,NULL,120,'ticket_code',NULL,'N','N','Y','Y','Y',100,'','',NULL,1,0,'single','text','string',NULL,NULL,NULL,'40283f824d840865014d840904fa0130'),('40283f824d840865014d84090537014a','航班时间','admin','2015-05-24 11:48:13','管理员','','',NULL,NULL,NULL,120,'tickect_date',NULL,'N','N','Y','Y','Y',10,'','',NULL,2,0,'single','datetime','Date',NULL,NULL,NULL,'40283f824d840865014d840904fa0130'),('40283f824d840865014d84090539014b','外键','admin','2015-05-24 11:48:13','管理员','','',NULL,NULL,NULL,120,'fck_id',NULL,'N','N','N','N','N',36,'id','jform_order_main',NULL,3,0,'single','text','string',NULL,NULL,NULL,'40283f824d840865014d840904fa0130'),('40283f824d840865014d8409053c014c','主键','admin','2015-05-24 11:48:13','管理员','','',NULL,NULL,NULL,0,'id',NULL,'Y','N','N','N','N',36,'','',NULL,0,0,'single','text','string',NULL,NULL,NULL,'40283f824d840865014d840904fb0131'),('40283f824d840865014d8409053e014d','机构合计','admin','2015-05-24 11:48:13','管理员','','',NULL,NULL,NULL,0,'a',NULL,'N','N','Y','Y','Y',10,'','',NULL,1,2,'group','text','double',NULL,NULL,NULL,'40283f824d840865014d840904fb0131'),('40283f824d840865014d84090540014e','行政小计','admin','2015-05-24 11:48:13','管理员','','',NULL,NULL,NULL,0,'b1',NULL,'N','N','N','Y','Y',10,'','',NULL,2,2,'group','text','double',NULL,NULL,NULL,'40283f824d840865014d840904fb0131'),('40283f824d840865014d84090542014f','行政省','admin','2015-05-24 11:48:13','管理员','','',NULL,NULL,NULL,0,'b11',NULL,'N','N','N','Y','Y',100,'','',NULL,3,0,'group','text','string',NULL,NULL,NULL,'40283f824d840865014d840904fb0131'),('40283f824d840865014d840905430150','行政市','admin','2015-05-24 11:48:13','管理员','','',NULL,NULL,NULL,0,'b12',NULL,'N','N','N','Y','Y',100,'','',NULL,4,0,'group','text','string',NULL,NULL,NULL,'40283f824d840865014d840904fb0131'),('40283f824d840865014d840905450151','行政县','admin','2015-05-24 11:48:13','管理员','','',NULL,NULL,NULL,0,'b13',NULL,'N','N','N','Y','Y',100,'','',NULL,5,0,'single','text','string',NULL,NULL,NULL,'40283f824d840865014d840904fb0131'),('40283f824d840865014d840905470152','事业合计','admin','2015-05-24 11:48:13','管理员','','',NULL,NULL,NULL,0,'b2',NULL,'N','N','N','Y','Y',10,'','',NULL,6,2,'single','text','double',NULL,NULL,NULL,'40283f824d840865014d840904fb0131'),('40283f824d840865014d840905490153','参公小计','admin','2015-05-24 11:48:13','管理员','','',NULL,NULL,NULL,0,'b3',NULL,'N','N','N','Y','Y',10,'','',NULL,7,2,'single','text','double',NULL,NULL,NULL,'40283f824d840865014d840904fb0131'),('40283f824d840865014d8409054a0154','参公省','admin','2015-05-24 11:48:13','管理员','','',NULL,NULL,NULL,0,'b31',NULL,'N','N','N','Y','Y',100,'','',NULL,8,0,'single','text','string',NULL,NULL,NULL,'40283f824d840865014d840904fb0131'),('40283f824d840865014d8409054c0155','参公市','admin','2015-05-24 11:48:13','管理员','','',NULL,NULL,NULL,0,'b32',NULL,'N','N','N','Y','Y',100,'','',NULL,9,0,'single','text','string',NULL,NULL,NULL,'40283f824d840865014d840904fb0131'),('40283f824d840865014d8409054e0156','参公县','admin','2015-05-24 11:48:13','管理员','','',NULL,NULL,NULL,0,'b33',NULL,'N','N','N','Y','Y',100,'','',NULL,10,0,'single','text','string',NULL,NULL,NULL,'40283f824d840865014d840904fb0131'),('40283f824d840865014d8409054f0157','全额拨款','admin','2015-05-24 11:48:13','管理员','','',NULL,NULL,NULL,0,'c1',NULL,'N','N','N','Y','Y',10,'','',NULL,11,2,'single','text','double',NULL,NULL,NULL,'40283f824d840865014d840904fb0131'),('40283f824d840865014d840905510158','差额拨款','admin','2015-05-24 11:48:13','管理员','','',NULL,NULL,NULL,0,'c2',NULL,'N','N','N','Y','Y',10,'','',NULL,12,2,'single','text','double',NULL,NULL,NULL,'40283f824d840865014d840904fb0131'),('40283f824d840865014d840905530159','自收自支','admin','2015-05-24 11:48:13','管理员','','',NULL,NULL,NULL,0,'c3',NULL,'N','N','N','Y','Y',10,'','',NULL,13,2,'single','text','double',NULL,NULL,NULL,'40283f824d840865014d840904fb0131'),('40283f824d840865014d84090555015a','经费合计','admin','2015-05-24 11:48:13','管理员','','',NULL,NULL,NULL,0,'d',NULL,'N','N','Y','Y','Y',10,'','',NULL,14,2,'single','text','int',NULL,NULL,NULL,'40283f824d840865014d840904fb0131'),('40283f824d840865014d84090556015b','机构资质','admin','2015-05-24 11:48:13','管理员','','',NULL,NULL,NULL,0,'d1',NULL,'N','N','N','Y','Y',1000,'','',NULL,15,0,'single','text','string',NULL,NULL,NULL,'40283f824d840865014d840904fb0131');

#
# Structure for table "cgform_ftl"
#

DROP TABLE IF EXISTS `cgform_ftl`;
CREATE TABLE `cgform_ftl` (
  `ID` varchar(32) NOT NULL,
  `CGFORM_ID` varchar(36) NOT NULL,
  `CGFORM_NAME` varchar(100) NOT NULL,
  `CREATE_BY` varchar(36) DEFAULT NULL,
  `CREATE_DATE` datetime DEFAULT NULL,
  `CREATE_NAME` varchar(32) DEFAULT NULL,
  `FTL_CONTENT` longtext,
  `FTL_STATUS` varchar(50) DEFAULT NULL,
  `FTL_VERSION` int(11) NOT NULL,
  `FTL_WORD_URL` varchar(200) DEFAULT NULL,
  `UPDATE_BY` varchar(36) DEFAULT NULL,
  `UPDATE_DATE` datetime DEFAULT NULL,
  `UPDATE_NAME` varchar(32) DEFAULT NULL,
  PRIMARY KEY (`ID`)
) ENGINE=InnoDB DEFAULT CHARSET=utf8;

#
# Data for table "cgform_ftl"
#


#
# Structure for table "cgform_head"
#

DROP TABLE IF EXISTS `cgform_head`;
CREATE TABLE `cgform_head` (
  `id` varchar(32) NOT NULL,
  `content` varchar(200) NOT NULL,
  `create_by` varchar(32) DEFAULT NULL,
  `create_date` datetime DEFAULT NULL,
  `create_name` varchar(32) DEFAULT NULL,
  `is_checkbox` varchar(5) NOT NULL,
  `is_dbsynch` varchar(20) NOT NULL,
  `is_pagination` varchar(5) NOT NULL,
  `is_tree` varchar(5) NOT NULL,
  `jform_pk_sequence` varchar(200) DEFAULT NULL,
  `jform_pk_type` varchar(100) DEFAULT NULL,
  `jform_type` int(11) NOT NULL,
  `jform_version` varchar(10) NOT NULL,
  `querymode` varchar(10) NOT NULL,
  `relation_type` int(11) DEFAULT NULL,
  `sub_table_str` longtext,
  `tab_order` int(11) DEFAULT NULL,
  `table_name` varchar(20) NOT NULL,
  `update_by` varchar(32) DEFAULT NULL,
  `update_date` datetime DEFAULT NULL,
  `update_name` varchar(32) DEFAULT NULL,
  PRIMARY KEY (`id`)
) ENGINE=InnoDB DEFAULT CHARSET=utf8;

#
# Data for table "cgform_head"
#

INSERT INTO `cgform_head` VALUES ('40283f824d840865014d840904f3012d','订单主信息','admin','2015-05-24 11:48:13','管理员','N','N','Y','N',NULL,'UUID',2,'57','group',0,'jform_order_ticket,jform_order_customer',NULL,'jform_order_main',NULL,NULL,NULL),('40283f824d840865014d840904f7012e','请假单','admin','2015-05-24 11:48:13','管理员','N','N','Y','N',NULL,'UUID',1,'51','group',0,NULL,NULL,'jform_leave',NULL,NULL,NULL),('40283f824d840865014d840904f8012f','订单客户信息','admin','2015-05-24 11:48:13','管理员','Y','N','Y','N',NULL,'UUID',3,'16','single',0,NULL,NULL,'jform_order_customer',NULL,NULL,NULL),('40283f824d840865014d840904fa0130','订单机票信息','admin','2015-05-24 11:48:13','管理员','N','N','Y','N',NULL,'UUID',3,'20','single',0,NULL,NULL,'jform_order_ticket',NULL,NULL,NULL),('40283f824d840865014d840904fb0131','价格认证机构统计表','admin','2015-05-24 11:48:13','管理员','N','N','Y','N',NULL,'UUID',1,'3','group',0,NULL,NULL,'jform_price1',NULL,NULL,NULL);

# Host: 127.0.0.1  (Version: 5.5.34)
# Date: 2015-07-14 14:57:19
# Generator: MySQL-Front 5.3  (Build 4.214)

/*!40101 SET NAMES utf8 */;

#
# Structure for table "channel"
#

DROP TABLE IF EXISTS `channel`;
CREATE TABLE `channel` (
  `ID` varchar(32) DEFAULT NULL,
  `BANK_ID` varchar(32) NOT NULL DEFAULT '' COMMENT '银行网点',
  `CHANNEL_ID` varchar(32) NOT NULL DEFAULT '' COMMENT '编号',
  `CHANNEL_NAME` varchar(50) NOT NULL DEFAULT '' COMMENT '名称',
  `STATUS` varchar(2) NOT NULL DEFAULT '' COMMENT '是否启用',
  `NOTE` varchar(100) DEFAULT NULL COMMENT '备注',
  `IS_WORK` varchar(1) DEFAULT '0' COMMENT '是否在线0，在线，1不在线',
  PRIMARY KEY (`BANK_ID`,`CHANNEL_ID`)
) ENGINE=InnoDB DEFAULT CHARSET=utf8;

#
# Data for table "channel"
#

INSERT INTO `channel` VALUES ('4028474f4e7c3e99014e7c40e3f40004','40283f824d840865014d8409019f0015','c002','ssss','01','ss','0'),('4028474f4e7c3e99014e7c4063e20002','8a2380e34d9ae790014d9afc13ac000c','c001','22222','01','','0'),('8a8a8b9e4dc2edd2014dc2f0ad6b0007','8a2380e34d9ae790014d9afc13ac000c','c002','11111','01','22','0');

#
# Structure for table "ck_editor"
#

DROP TABLE IF EXISTS `ck_editor`;
CREATE TABLE `ck_editor` (
  `ID` varchar(32) NOT NULL,
  `CONTENTS` blob,
  PRIMARY KEY (`ID`)
) ENGINE=InnoDB DEFAULT CHARSET=utf8;

#
# Data for table "ck_editor"
#

INSERT INTO `ck_editor` VALUES ('40283f824d840865014d840904f0012c',X'3C68746D6C3E3C686561643E3C7469746C653E3C2F7469746C653E3C6C696E6B20687265663D27706C75672D696E2F6561737975692F7468656D65732F64656661756C742F6561737975692E637373272069643D276561737975695468656D65272072656C3D277374796C6573686565742720747970653D27746578742F63737327202F3E3C6C696E6B20687265663D27706C75672D696E2F6561737975692F7468656D65732F69636F6E2E637373272072656C3D277374796C6573686565742720747970653D27746578742F63737327202F3E3C6C696E6B20687265663D27706C75672D696E2F6163636F7264696F6E2F6373732F6163636F7264696F6E2E637373272072656C3D277374796C6573686565742720747970653D27746578742F63737327202F3E3C6C696E6B20687265663D27706C75672D696E2F56616C6964666F726D2F6373732F7374796C652E637373272072656C3D277374796C6573686565742720747970653D27746578742F63737327202F3E3C6C696E6B20687265663D27706C75672D696E2F56616C6964666F726D2F6373732F7461626C6566726F6D2E637373272072656C3D277374796C6573686565742720747970653D27746578742F63737327202F3E3C7374796C6520747970653D27746578742F637373273E626F64797B666F6E742D73697A653A313270783B7D7461626C65207B626F726465723A31707820736F6C696420233030303030303B626F726465722D636F6C6C617073653A20636F6C6C617073653B7D7464207B626F726465723A31707820736F6C696420233030303030303B6261636B67726F756E643A77686974653B666F6E742D73697A653A313270783B666F6E742D66616D696C793A20D0C2CBCECCE53B636F6C6F723A20233333333B3C2F7374796C653E3C2F686561643E3C626F64793E3C6469763E3C703EB8BDBCFE32A3BA3C2F703E3C6831207374796C653D27746578742D616C69676E3A63656E746572273E3C7370616E207374796C653D27666F6E742D73697A653A32347078273E3C7374726F6E673EBCDBB8F1C8CFD6A4C8CBD4B1CDB3BCC6B1ED3C2F7374726F6E673E3C2F7370616E3E3C2F68313E3C703ECCEEB1A8B5A5CEBBA3A8B8C7D5C2A3A9A3BA3C696E707574206E616D653D276F72675F6E616D652720747970653D2774657874272076616C75653D27247B6F72675F6E616D653F69665F6578697374733F68746D6C7D27202F3E3C2F703E3C703EB5A5CEBBB4FAC2EBBAC5A3BA3C696E707574206E616D653D276E756D2720747970653D2774657874272076616C75653D27247B6E756D3F69665F6578697374733F68746D6C7D27202F3E20266E6273703B266E6273703B266E6273703B266E6273703B266E6273703B266E6273703B266E6273703B266E6273703B266E6273703B266E6273703B266E6273703B266E6273703B266E6273703B266E6273703B266E6273703B266E6273703B266E6273703B266E6273703B266E6273703B266E6273703B266E6273703B266E6273703B266E6273703B266E6273703B266E6273703B266E6273703B266E6273703B266E6273703B266E6273703B266E6273703B266E6273703B266E6273703B266E6273703B266E6273703B266E6273703B266E6273703B266E6273703B266E6273703B266E6273703B266E6273703B266E6273703B266E6273703B266E6273703B266E6273703B266E6273703B266E6273703B266E6273703B266E6273703B266E6273703B266E6273703B266E6273703B266E6273703B266E6273703B266E6273703B266E6273703B266E6273703B266E6273703B266E6273703BB5A5CEBBA3BAC8CBCCEE266E6273703B266E6273703B266E6273703B266E6273703B266E6273703B266E6273703B266E6273703B266E6273703B266E6273703B266E6273703B266E6273703B266E6273703B266E6273703B266E6273703B266E6273703B266E6273703B266E6273703B266E6273703B20B1A8C8D5C6DAA3BA266E6273703B266E6273703B266E6273703B266E6273703B266E6273703B20C4EA266E6273703B266E6273703B20D4C2266E6273703B266E6273703B20C8D53C2F703E3C666F726D20616374696F6E3D276367466F726D4275696C64436F6E74726F6C6C65722E646F3F736176654F72557064617465272069643D27666F726D6F626A27206D6574686F643D27706F737427206E616D653D27666F726D6F626A273E3C696E707574206E616D653D277461626C654E616D652720747970653D2768696464656E272076616C75653D27247B7461626C654E616D653F69665F6578697374733F68746D6C7D27202F3E203C696E707574206E616D653D2769642720747970653D2768696464656E272076616C75653D27247B69643F69665F6578697374733F68746D6C7D27202F3E237B6A666F726D5F68696464656E5F6669656C647D3C696E70757420747970653D2768696464656E27202F3E3C703E266E6273703B3C2F703E3C7461626C6520626F726465723D2731272063656C6C70616464696E673D2730272063656C6C73706163696E673D273027207374796C653D2777696474683A313031367078273E3C74626F64793E3C74723E3C746420726F777370616E3D2734273E3C703E266E6273703B3C2F703E3C703E266E6273703B3C2F703E3C703EBACFBCC63C2F703E3C703E266E6273703B3C2F703E3C2F74643E3C746420636F6C7370616E3D27362720726F777370616E3D2732273E3C703E266E6273703B3C2F703E3C703EC8CBCAFD3C2F703E3C2F74643E3C746420636F6C7370616E3D27352720726F777370616E3D2732273E3C703E266E6273703B3C2F703E3C703ED1A7C0FA3C2F703E3C2F74643E3C746420636F6C7370616E3D27342720726F777370616E3D2732273E3C703E266E6273703B3C2F703E3C703EC8A1B5C3B5C4A3A8C9CFB8DAA3A9D6B4D2B5D7CAB8F13C2F703E3C2F74643E3C746420636F6C7370616E3D2734273E3C703ED7A8D2B5BCBCCAF5D6B0B3C63C2F703E3C2F74643E3C2F74723E3C74723E3C746420636F6C7370616E3D2734273E3C703EA3A8BEADBCC3CFB5C1D0A1A2B9A4B3CCCFB5C1D0A3A93C2F703E3C2F74643E3C2F74723E3C74723E3C746420636F6C7370616E3D2733273E3C703ED4DAB1E0C8CBD4B13C2F703E3C2F74643E3C746420636F6C7370616E3D2732273E3C703EC6B8D3C3C8CBD4B13C2F703E3C2F74643E3C746420726F777370616E3D2732273E3C703EC1D9CAB128BDE8D3C329C8CBD4B13C2F703E3C2F74643E3C746420726F777370616E3D2732273E3C703EB8DFD6D03C2F703E3C2F74643E3C746420726F777370616E3D2732273E3C703EB4F3D7A83C2F703E3C2F74643E3C746420726F777370616E3D2732273E3C703EB1BEBFC63C2F703E3C2F74643E3C746420726F777370616E3D2732273E3C703ED1D0BEBFC9FA3C2F703E3C2F74643E3C746420726F777370616E3D2732273E3C703EC6E4CBFC3C2F703E3C2F74643E3C746420726F777370616E3D2732273E3C703EBCDBB8F13C2F703E3C703EBCF8D6A4D4B13C2F703E3C2F74643E3C746420726F777370616E3D2732273E3C703EBCDBB8F13C2F703E3C703EBCF8D6A4CAA63C2F703E3C2F74643E3C746420726F777370616E3D2732273E3C703EB8B4BACB3C2F703E3C703EB2C3B6A8D4B13C2F703E3C2F74643E3C746420726F777370616E3D2732273E3C703EC6E4CBFC3C2F703E3C2F74643E3C746420726F777370616E3D2732273E3C703EB3F5BCB63C2F703E3C2F74643E3C746420726F777370616E3D2732273E3C703ED6D0BCB63C2F703E3C2F74643E3C746420726F777370616E3D2732273E3C703EB8DFBCB63C2F703E3C2F74643E3C746420726F777370616E3D2732273E3C703EC6E4CBFC3C2F703E3C2F74643E3C2F74723E3C74723E3C74643E3C703EB1BEB5A5CEBB3C2F703E3C2F74643E3C746420636F6C7370616E3D2732273E3C703EC6E4CBFC3C2F703E3C2F74643E3C74643E3C703EB3A4C6DA3C2F703E3C2F74643E3C74643E3C703EB6CCC6DA3C2F703E3C2F74643E3C2F74723E3C74723E3C74643E3C703E41313C2F703E3C2F74643E3C74643E3C703E42313C2F703E3C2F74643E3C74643E3C703E42323C2F703E3C2F74643E3C746420636F6C7370616E3D2732273E3C703E42333C2F703E3C2F74643E3C74643E3C703E42343C2F703E3C2F74643E3C74643E3C703E42353C2F703E3C2F74643E3C74643E3C703E43313C2F703E3C2F74643E3C74643E3C703E43323C2F703E3C2F74643E3C74643E3C703E43333C2F703E3C2F74643E3C74643E3C703E43343C2F703E3C2F74643E3C74643E3C703E43353C2F703E3C2F74643E3C74643E3C703E44313C2F703E3C2F74643E3C74643E3C703E44323C2F703E3C2F74643E3C74643E3C703E44333C2F703E3C2F74643E3C74643E3C703E44343C2F703E3C2F74643E3C74643E3C703E45313C2F703E3C2F74643E3C74643E3C703E45323C2F703E3C2F74643E3C74643E3C703E45333C2F703E3C2F74643E3C74643E3C703E45343C2F703E3C2F74643E3C2F74723E3C74723E3C74643E3C703E3C696E707574206E616D653D276131272073697A653D27342720747970653D2774657874272076616C75653D27247B61313F69665F6578697374733F68746D6C7D27202F3E3C2F703E3C2F74643E3C74643E3C703E3C696E707574206E616D653D276231272073697A653D27342720747970653D2774657874272076616C75653D27247B62313F69665F6578697374733F68746D6C7D27202F3E3C2F703E3C2F74643E3C74643E3C703E3C696E707574206E616D653D276232272073697A653D27342720747970653D2774657874272076616C75653D27247B62323F69665F6578697374733F68746D6C7D27202F3E3C2F703E3C2F74643E3C746420636F6C7370616E3D2732273E3C703E3C696E707574206E616D653D276233272073697A653D27342720747970653D2774657874272076616C75653D27247B62333F69665F6578697374733F68746D6C7D27202F3E3C2F703E3C2F74643E3C74643E3C703E3C696E707574206E616D653D276234272073697A653D27342720747970653D2774657874272076616C75653D27247B62343F69665F6578697374733F68746D6C7D27202F3E3C2F703E3C2F74643E3C74643E3C703E3C696E707574206E616D653D276235272073697A653D27342720747970653D2774657874272076616C75653D27247B62353F69665F6578697374733F68746D6C7D27202F3E3C2F703E3C2F74643E3C74643E3C703E3C696E707574206E616D653D276331272073697A653D27342720747970653D2774657874272076616C75653D27247B63313F69665F6578697374733F68746D6C7D27202F3E3C2F703E3C2F74643E3C74643E3C703E3C696E707574206E616D653D276332272073697A653D27342720747970653D2774657874272076616C75653D27247B63323F69665F6578697374733F68746D6C7D27202F3E3C2F703E3C2F74643E3C74643E3C703E3C696E707574206E616D653D276333272073697A653D27342720747970653D2774657874272076616C75653D27247B63333F69665F6578697374733F68746D6C7D27202F3E3C2F703E3C2F74643E3C74643E3C703E3C696E707574206E616D653D276334272073697A653D27342720747970653D2774657874272076616C75653D27247B63343F69665F6578697374733F68746D6C7D27202F3E3C2F703E3C2F74643E3C74643E3C703E3C696E707574206E616D653D276335272073697A653D27342720747970653D2774657874272076616C75653D27247B63353F69665F6578697374733F68746D6C7D27202F3E3C2F703E3C2F74643E3C74643E3C703E3C696E707574206E616D653D276431272073697A653D27342720747970653D2774657874272076616C75653D27247B64313F69665F6578697374733F68746D6C7D27202F3E3C2F703E3C2F74643E3C74643E3C703E3C696E707574206E616D653D276432272073697A653D27342720747970653D2774657874272076616C75653D27247B64323F69665F6578697374733F68746D6C7D27202F3E3C2F703E3C2F74643E3C74643E3C703E3C696E707574206E616D653D276433272073697A653D27342720747970653D2774657874272076616C75653D27247B64333F69665F6578697374733F68746D6C7D27202F3E3C2F703E3C2F74643E3C74643E3C703E3C696E707574206E616D653D276434272073697A653D27342720747970653D2774657874272076616C75653D27247B64343F69665F6578697374733F68746D6C7D27202F3E3C2F703E3C2F74643E3C74643E3C703E3C696E707574206E616D653D276531272073697A653D27342720747970653D2774657874272076616C75653D27247B65313F69665F6578697374733F68746D6C7D27202F3E3C2F703E3C2F74643E3C74643E3C703E3C696E707574206E616D653D276532272073697A653D27342720747970653D2774657874272076616C75653D27247B65323F69665F6578697374733F68746D6C7D27202F3E3C2F703E3C2F74643E3C74643E3C703E3C696E707574206E616D653D276533272073697A653D27342720747970653D2774657874272076616C75653D27247B65333F69665F6578697374733F68746D6C7D27202F3E3C2F703E3C2F74643E3C74643E3C703E3C696E707574206E616D653D276534272073697A653D27342720747970653D2774657874272076616C75653D27247B65343F69665F6578697374733F68746D6C7D27202F3E3C2F703E3C2F74643E3C2F74723E3C74723E3C746420636F6C7370616E3D273230273E3C703E266E6273703B3C2F703E3C703ECCEEB1A8CBB5C3F7A3BA3C2F703E3C703ED2BBA1A2BACFBCC6A3A841A3A9A3BACCEEB1A8D6C1CDB3BCC6BDD8D6B9C6DAB5C4B1BEBBFAB9B9B5C4C8CBD4B1D7DCCAFDA1A33C2F703E3C703EB6FEA1A2C8CBCAFDA3BA3C2F703E3C703ED4DAB1E0C8CBD4B1A3BAB7D6B1F0B0B4D5D5BCDBB8F1C8CFD6A4BBFAB9B9B1E0D6C6C4DABCB0C6E4CBFCBEDFD3D0BCDBB8F1D6F7B9DCB2BFC3C5B1E0D6C6B5C4CAB5D3D0C8CBCAFDCCEEB1A8D4DA4231A1A24232C0B8C4DAA1A33C2F703E3C703EC6B8D3C3C8CBD4B1A3BAB0B4D5D5BEADBCDBB8F1D6F7B9DCB2BFC3C5BBF2BCDBB8F1C8CFD6A4BBFAB9B9C8CBCAC2B2BFC3C5C8CFBFC9B5C4B2A2C7A9B6A9C8FDC4EAD2D4C9CFB5C4B9A4D7F7BACFCDACB5C4C8CBD4B1A3A84233A3A9A3BBD2D4BCB0C3BBD3D0BEADB9FDBCDBB8F1D6F7B9DCB2BFC3C5BBF2BCDBB8F1C8CFD6A4BBFAB9B9C8CBCAC2B2BFC3C5C8CFBFC9B5C4C7A9B6A9BACFCDACC9D9D3DAC8FDC4EAB5C4C8CBD4B1A3A84234A3A9B7D6B1F0C0B4BDF8D0D0CDB3BCC6A1A33C2F703E3C703EC1D9CAB1A3A8BDE8D3C3A3A9C8CBD4B1A3A84235A3A9A3BACCD8D6B8CDE2C6B8B5C4C1D9CAB1B9A4A3ACBBF2D5DFB9A4D7F7B9D8CFB5B2BBD4DAB1BEB5A5CEBBC7D2CEDEB3A4C6DAC6B8D3C3BACFCDACB5C4BDE8B5F7C8CBD4B1B5C8A1A33C2F703E3C703EC8FDA1A2B1EDC4DAB8F7C0B8C4BFB9D8CFB53C2F703E3C703E413D42312B42322B42332B42342B42353D43312B43322B43332B43342B43353D44312B44322B44332B44343D45312B45322B45332B45343C2F703E3C2F74643E3C2F74723E3C2F74626F64793E3C2F7461626C653E3C2F666F726D3E3C2F6469763E3C2F626F64793E3C2F68746D6C3E');

#
# Structure for table "ck_finder"
#

DROP TABLE IF EXISTS `ck_finder`;
CREATE TABLE `ck_finder` (
  `ID` varchar(32) NOT NULL,
  `ATTACHMENT` varchar(255) DEFAULT NULL,
  `IMAGE` varchar(255) DEFAULT NULL,
  `REMARK` longtext,
  PRIMARY KEY (`ID`)
) ENGINE=InnoDB DEFAULT CHARSET=utf8;

#
# Data for table "ck_finder"
#


#
# Structure for table "cust"
#

DROP TABLE IF EXISTS `cust`;
CREATE TABLE `cust` (
  `ID` varchar(32) DEFAULT NULL,
  `CUST_ID` varchar(32) NOT NULL DEFAULT '' COMMENT '客户编号',
  `CUST_NAME` varchar(50) NOT NULL DEFAULT '' COMMENT '客户名称',
  `PASS_TYPE` varchar(18) DEFAULT NULL COMMENT '证件类型',
  `PASS_ID` varchar(18) DEFAULT NULL COMMENT '证件号码',
  `AGE` int(11) DEFAULT NULL COMMENT '年龄',
  `SEX` varchar(2) DEFAULT NULL COMMENT '性别',
  `TEL` varchar(50) DEFAULT NULL COMMENT '联系电话',
  `NOTE` varchar(50) DEFAULT NULL COMMENT '备注',
  PRIMARY KEY (`CUST_ID`)
) ENGINE=InnoDB DEFAULT CHARSET=utf8;

#
# Data for table "cust"
#

INSERT INTO `cust` VALUES ('40283f814e388f42014e38942f510003','0000000003','李伟','1','112',222,'0','222','2222');

#
# Structure for table "doc"
#

DROP TABLE IF EXISTS `doc`;
CREATE TABLE `doc` (
  `ID` int(11) NOT NULL AUTO_INCREMENT,
  `DOCCONTENT` longblob,
  `DOCDATE` datetime DEFAULT NULL,
  `DOCID` varchar(255) DEFAULT NULL,
  `DOCTITLE` varchar(255) DEFAULT NULL,
  `DOCTYPE` varchar(255) DEFAULT NULL,
  PRIMARY KEY (`ID`)
) ENGINE=InnoDB DEFAULT CHARSET=utf8;

#
# Data for table "doc"
#


#
# Structure for table "jeecg_demo"
#

DROP TABLE IF EXISTS `jeecg_demo`;
CREATE TABLE `jeecg_demo` (
  `ID` varchar(32) NOT NULL,
  `AGE` int(11) DEFAULT NULL,
  `BIRTHDAY` datetime DEFAULT NULL,
  `content` varchar(255) DEFAULT NULL,
  `create_date` datetime DEFAULT NULL,
  `DEP_ID` varchar(255) DEFAULT NULL,
  `EMAIL` varchar(255) DEFAULT NULL,
  `MOBILE_PHONE` varchar(255) DEFAULT NULL,
  `OFFICE_PHONE` varchar(255) DEFAULT NULL,
  `SALARY` decimal(19,2) DEFAULT NULL,
  `SEX` varchar(255) DEFAULT NULL,
  `status` varchar(255) DEFAULT NULL,
  `USER_NAME` varchar(255) NOT NULL,
  `CREATE_TIME` datetime DEFAULT NULL,
  PRIMARY KEY (`ID`)
) ENGINE=InnoDB DEFAULT CHARSET=utf8;

#
# Data for table "jeecg_demo"
#

INSERT INTO `jeecg_demo` VALUES ('40283f824d840865014d8409064a0161',12,'2014-02-14 00:00:00',NULL,NULL,'123','demo@jeecg.com','13111111111','66666666',111111.00,'1',NULL,'小明',NULL);

#
# Structure for table "jeecg_demo_teacher"
#

DROP TABLE IF EXISTS `jeecg_demo_teacher`;
CREATE TABLE `jeecg_demo_teacher` (
  `ID` varchar(32) NOT NULL,
  `NAME` varchar(12) DEFAULT NULL,
  `pic` varchar(255) DEFAULT NULL,
  PRIMARY KEY (`ID`)
) ENGINE=InnoDB DEFAULT CHARSET=utf8;

#
# Data for table "jeecg_demo_teacher"
#

INSERT INTO `jeecg_demo_teacher` VALUES ('40283f824d840865014d8409055a015d','路飞','upload/Teacher/pic3345280233.PNG'),('8a8a8b9e4da74da1014da79465350058','q',NULL),('ff8080814daf825f014daf855f990001','1',NULL);

#
# Structure for table "jeecg_demo_course"
#

DROP TABLE IF EXISTS `jeecg_demo_course`;
CREATE TABLE `jeecg_demo_course` (
  `ID` varchar(32) NOT NULL,
  `NAME` varchar(25) DEFAULT NULL,
  `teacher_ID` varchar(32) DEFAULT NULL,
  PRIMARY KEY (`ID`),
  KEY `FK_g3jn8mfod69i7jfv5gnrcvgbx` (`teacher_ID`),
  CONSTRAINT `FK_g3jn8mfod69i7jfv5gnrcvgbx` FOREIGN KEY (`teacher_ID`) REFERENCES `jeecg_demo_teacher` (`ID`)
) ENGINE=InnoDB DEFAULT CHARSET=utf8;

#
# Data for table "jeecg_demo_course"
#

INSERT INTO `jeecg_demo_course` VALUES ('40283f824d840865014d8409055c015e','海贼王','40283f824d840865014d8409055a015d'),('8a8a8b9e4da74da1014da79465360059','q','8a8a8b9e4da74da1014da79465350058'),('ff8080814daf825f014daf855f990002','1','ff8080814daf825f014daf855f990001');

#
# Structure for table "jeecg_demo_student"
#

DROP TABLE IF EXISTS `jeecg_demo_student`;
CREATE TABLE `jeecg_demo_student` (
  `ID` varchar(32) NOT NULL,
  `BIRTHDAY` datetime DEFAULT NULL,
  `NAME` varchar(32) DEFAULT NULL,
  `SEX` varchar(1) DEFAULT NULL,
  `COURSE_ID` varchar(32) DEFAULT NULL,
  PRIMARY KEY (`ID`),
  KEY `FK_r86q81koyocgod3cx6529hbpw` (`COURSE_ID`),
  CONSTRAINT `FK_r86q81koyocgod3cx6529hbpw` FOREIGN KEY (`COURSE_ID`) REFERENCES `jeecg_demo_course` (`ID`)
) ENGINE=InnoDB DEFAULT CHARSET=utf8;

#
# Data for table "jeecg_demo_student"
#

INSERT INTO `jeecg_demo_student` VALUES ('40283f824d840865014d8409055e015f',NULL,'卓洛','0','40283f824d840865014d8409055c015e'),('40283f824d840865014d840905600160',NULL,'山治 ','0','40283f824d840865014d8409055c015e'),('8a8a8b9e4da74da1014da7946537005a',NULL,'qq','0','8a8a8b9e4da74da1014da79465360059'),('8a8a8b9e4da74da1014da7946584005b',NULL,'qq','0','8a8a8b9e4da74da1014da79465360059'),('ff8080814daf825f014daf855fb90003',NULL,'1','0','ff8080814daf825f014daf855f990002'),('ff8080814daf825f014daf855fe80004',NULL,'1','0','ff8080814daf825f014daf855f990002');

#
# Structure for table "jeecg_matter_bom"
#

DROP TABLE IF EXISTS `jeecg_matter_bom`;
CREATE TABLE `jeecg_matter_bom` (
  `ID` varchar(32) NOT NULL,
  `address` varchar(255) DEFAULT NULL,
  `code` varchar(50) NOT NULL,
  `name` varchar(50) NOT NULL,
  `price` decimal(21,6) NOT NULL,
  `productionDate` datetime DEFAULT NULL,
  `quantity` int(11) NOT NULL,
  `stock` int(11) NOT NULL,
  `unit` varchar(50) DEFAULT NULL,
  `weight` varchar(50) DEFAULT NULL,
  `parent_ID` varchar(32) DEFAULT NULL,
  PRIMARY KEY (`ID`),
  KEY `FK_fldfyrevj0li4hej5b2gu2q7w` (`parent_ID`),
  CONSTRAINT `FK_fldfyrevj0li4hej5b2gu2q7w` FOREIGN KEY (`parent_ID`) REFERENCES `jeecg_matter_bom` (`ID`)
) ENGINE=InnoDB DEFAULT CHARSET=utf8;

#
# Data for table "jeecg_matter_bom"
#

INSERT INTO `jeecg_matter_bom` VALUES ('40283f824d840865014d840906550166','广东深圳','001','电脑',5000.000000,'2015-05-24 11:48:13',5,10,'台','100',NULL),('40283f824d840865014d840906580167','上海','001001','主板',800.000000,'2015-05-24 11:48:13',6,18,'个','60','40283f824d840865014d840906550166');

#
# Structure for table "jeecg_minidao"
#

DROP TABLE IF EXISTS `jeecg_minidao`;
CREATE TABLE `jeecg_minidao` (
  `ID` varchar(32) NOT NULL,
  `AGE` int(11) DEFAULT NULL,
  `BIRTHDAY` datetime DEFAULT NULL,
  `CONTENT` varchar(255) DEFAULT NULL,
  `CREATE_TIME` datetime DEFAULT NULL,
  `DEP_ID` varchar(255) DEFAULT NULL,
  `EMAIL` varchar(255) DEFAULT NULL,
  `MOBILE_PHONE` varchar(255) DEFAULT NULL,
  `OFFICE_PHONE` varchar(255) DEFAULT NULL,
  `SALARY` decimal(19,2) DEFAULT NULL,
  `SEX` int(11) DEFAULT NULL,
  `STATUS` varchar(255) DEFAULT NULL,
  `USER_NAME` varchar(255) NOT NULL,
  PRIMARY KEY (`ID`)
) ENGINE=InnoDB DEFAULT CHARSET=utf8;

#
# Data for table "jeecg_minidao"
#


#
# Structure for table "jeecg_order_custom"
#

DROP TABLE IF EXISTS `jeecg_order_custom`;
CREATE TABLE `jeecg_order_custom` (
  `ID` varchar(32) NOT NULL,
  `CREATE_DT` datetime DEFAULT NULL,
  `CRTUSER` varchar(12) DEFAULT NULL,
  `CRTUSER_NAME` varchar(10) DEFAULT NULL,
  `DEL_DT` datetime DEFAULT NULL,
  `DELFLAG` int(11) DEFAULT NULL,
  `GO_ORDER_CODE` varchar(12) NOT NULL,
  `GOC_BUSS_CONTENT` varchar(33) DEFAULT NULL,
  `GOC_CONTENT` varchar(66) DEFAULT NULL,
  `GOC_CUS_NAME` varchar(16) DEFAULT NULL,
  `GOC_IDCARD` varchar(18) DEFAULT NULL,
  `GOC_PASSPORT_CODE` varchar(10) DEFAULT NULL,
  `GOC_SEX` varchar(255) DEFAULT NULL,
  `MODIFIER` varchar(12) DEFAULT NULL,
  `MODIFIER_NAME` varchar(10) DEFAULT NULL,
  `MODIFY_DT` datetime DEFAULT NULL,
  PRIMARY KEY (`ID`)
) ENGINE=InnoDB DEFAULT CHARSET=utf8;

#
# Data for table "jeecg_order_custom"
#

INSERT INTO `jeecg_order_custom` VALUES ('40283f824d840865014d840906530165',NULL,NULL,NULL,NULL,NULL,'11111AAA',NULL,NULL,'小明',NULL,NULL,'1',NULL,NULL,NULL),('ff8080814dce612f014dce63f1550007',NULL,NULL,NULL,NULL,NULL,'1','','','','','','0',NULL,NULL,NULL);

#
# Structure for table "jeecg_order_main"
#

DROP TABLE IF EXISTS `jeecg_order_main`;
CREATE TABLE `jeecg_order_main` (
  `ID` varchar(32) NOT NULL,
  `CREATE_DT` datetime DEFAULT NULL,
  `CRTUSER` varchar(12) DEFAULT NULL,
  `CRTUSER_NAME` varchar(10) DEFAULT NULL,
  `DEL_DT` datetime DEFAULT NULL,
  `DELFLAG` int(11) DEFAULT NULL,
  `GO_ALL_PRICE` decimal(10,2) DEFAULT NULL,
  `GO_CONTACT_NAME` varchar(16) DEFAULT NULL,
  `GO_CONTENT` varchar(66) DEFAULT NULL,
  `GO_ORDER_CODE` varchar(12) NOT NULL,
  `GO_ORDER_COUNT` int(11) DEFAULT NULL,
  `GO_RETURN_PRICE` decimal(10,2) DEFAULT NULL,
  `GO_TELPHONE` varchar(11) DEFAULT NULL,
  `GODER_TYPE` varchar(255) DEFAULT NULL,
  `MODIFIER` varchar(12) DEFAULT NULL,
  `MODIFIER_NAME` varchar(10) DEFAULT NULL,
  `MODIFY_DT` datetime DEFAULT NULL,
  `USERTYPE` varchar(255) DEFAULT NULL,
  PRIMARY KEY (`ID`)
) ENGINE=InnoDB DEFAULT CHARSET=utf8;

#
# Data for table "jeecg_order_main"
#

INSERT INTO `jeecg_order_main` VALUES ('40283f824d840865014d8409064f0163',NULL,NULL,NULL,NULL,NULL,1111111.00,'alex','别放辣椒','11111AAA',1,100.00,NULL,'1',NULL,NULL,NULL,'1'),('ff8080814dce612f014dce63f1250004',NULL,NULL,NULL,NULL,NULL,1.00,'1','1','1',1,1.00,'13324100510','1',NULL,NULL,NULL,'1');

#
# Structure for table "jeecg_order_product"
#

DROP TABLE IF EXISTS `jeecg_order_product`;
CREATE TABLE `jeecg_order_product` (
  `ID` varchar(32) NOT NULL,
  `CREATE_DT` datetime DEFAULT NULL,
  `CRTUSER` varchar(12) DEFAULT NULL,
  `CRTUSER_NAME` varchar(10) DEFAULT NULL,
  `DEL_DT` datetime DEFAULT NULL,
  `DELFLAG` int(11) DEFAULT NULL,
  `GO_ORDER_CODE` varchar(12) NOT NULL,
  `GOP_CONTENT` varchar(66) DEFAULT NULL,
  `GOP_COUNT` int(11) DEFAULT NULL,
  `GOP_ONE_PRICE` decimal(10,2) DEFAULT NULL,
  `GOP_PRODUCT_NAME` varchar(33) DEFAULT NULL,
  `GOP_PRODUCT_TYPE` varchar(1) NOT NULL,
  `GOP_SUM_PRICE` decimal(10,2) DEFAULT NULL,
  `MODIFIER` varchar(12) DEFAULT NULL,
  `MODIFIER_NAME` varchar(10) DEFAULT NULL,
  `MODIFY_DT` datetime DEFAULT NULL,
  PRIMARY KEY (`ID`)
) ENGINE=InnoDB DEFAULT CHARSET=utf8;

#
# Data for table "jeecg_order_product"
#

INSERT INTO `jeecg_order_product` VALUES ('40283f824d840865014d840906510164',NULL,NULL,NULL,NULL,NULL,'11111AAA',NULL,1,100.00,'最最美味的地锅鸡','1',100.00,NULL,NULL,NULL),('ff8080814dce612f014dce63f1250005',NULL,NULL,NULL,NULL,NULL,'1','11',11,11.00,'111111','1',11.00,NULL,NULL,NULL),('ff8080814dce612f014dce63f1550006',NULL,NULL,NULL,NULL,NULL,'1','11',11,11.00,'111111','1',11.00,NULL,NULL,NULL);

#
# Structure for table "jform_cgreport_head"
#

DROP TABLE IF EXISTS `jform_cgreport_head`;
CREATE TABLE `jform_cgreport_head` (
  `ID` varchar(36) NOT NULL,
  `CGR_SQL` longtext NOT NULL,
  `CODE` varchar(36) NOT NULL,
  `CONTENT` longtext NOT NULL,
  `NAME` varchar(100) NOT NULL,
  PRIMARY KEY (`ID`)
) ENGINE=InnoDB DEFAULT CHARSET=utf8;

#
# Data for table "jform_cgreport_head"
#


#
# Structure for table "jform_cgreport_item"
#

DROP TABLE IF EXISTS `jform_cgreport_item`;
CREATE TABLE `jform_cgreport_item` (
  `ID` varchar(36) NOT NULL,
  `S_FLAG` varchar(2) DEFAULT NULL,
  `S_MODE` varchar(10) DEFAULT NULL,
  `CGRHEAD_ID` varchar(36) DEFAULT NULL,
  `DICT_CODE` varchar(36) DEFAULT NULL,
  `FIELD_HREF` varchar(120) DEFAULT NULL,
  `FIELD_NAME` varchar(36) DEFAULT NULL,
  `FIELD_TXT` longtext,
  `FIELD_TYPE` varchar(10) DEFAULT NULL,
  `IS_SHOW` varchar(5) DEFAULT NULL,
  `ORDER_NUM` int(11) DEFAULT NULL,
  `REPLACE_VA` varchar(36) DEFAULT NULL,
  PRIMARY KEY (`ID`)
) ENGINE=InnoDB DEFAULT CHARSET=utf8;

#
# Data for table "jform_cgreport_item"
#


#
# Structure for table "jg_person"
#

DROP TABLE IF EXISTS `jg_person`;
CREATE TABLE `jg_person` (
  `ID` varchar(32) NOT NULL,
  `AGE` int(11) DEFAULT NULL,
  `BIRTHDAY` datetime DEFAULT NULL,
  `CREATEDT` datetime DEFAULT NULL,
  `NAME` varchar(255) NOT NULL,
  `SALARY` decimal(19,2) DEFAULT NULL,
  PRIMARY KEY (`ID`)
) ENGINE=InnoDB DEFAULT CHARSET=utf8;

#
# Data for table "jg_person"
#

INSERT INTO `jg_person` VALUES ('297e97964dc3ba0e014dc3bff6610005',1,'2015-06-19 00:00:00','2015-06-17 20:43:56','1111111',1.00),('40283f824d840865014d8409064d0162',10,'2015-05-24 11:48:13','2015-05-24 11:48:13','小红',1000.00),('8a22800a4d9a4243014d9a72b441000d',11,'2015-05-20 00:00:00','2015-03-31 20:15:01','22222222',2222.00);

#
# Structure for table "office"
#

DROP TABLE IF EXISTS `office`;
CREATE TABLE `office` (
  `ID` varchar(32) DEFAULT NULL,
  `OFFICE_ID` varchar(32) NOT NULL DEFAULT '' COMMENT '理财室编号',
  `OFFICEE_NAME` varchar(50) NOT NULL DEFAULT '' COMMENT '理财室名称',
  `BANK_ID` varchar(32) DEFAULT NULL COMMENT '银行编号',
  `TERMINAL_ID` varchar(32) NOT NULL DEFAULT '' COMMENT '采集终端编号',
  `CONTACTS` varchar(50) DEFAULT NULL COMMENT '联系人',
  `TEL` varchar(50) DEFAULT NULL COMMENT '联系电话',
  `STATUS` varchar(2) NOT NULL DEFAULT '' COMMENT '是否启用',
  PRIMARY KEY (`OFFICE_ID`)
) ENGINE=InnoDB DEFAULT CHARSET=utf8;

#
# Data for table "office"
#

INSERT INTO `office` VALUES ('ff8080814dce72ec014dce741a160003','22','333','8a2380e34d9ae790014d9afc13ac000c','111','2','33','01');

#
# Structure for table "office_channel"
#

DROP TABLE IF EXISTS `office_channel`;
CREATE TABLE `office_channel` (
  `ID` varchar(32) DEFAULT NULL,
  `OFFICE_ID` varchar(32) NOT NULL,
  `CHANNEL_ID` varchar(32) NOT NULL,
  `IS_MAIN` varchar(32) NOT NULL,
  `NOTE` varchar(25) DEFAULT NULL,
  `STATUS` varchar(2) NOT NULL,
  PRIMARY KEY (`OFFICE_ID`,`CHANNEL_ID`)
) ENGINE=InnoDB DEFAULT CHARSET=utf8;

#
# Data for table "office_channel"
#

INSERT INTO `office_channel` VALUES ('ff8080814dce72ec014dce73b9a30001','1','011','0','','01'),('8a455a194dcd2300014dcd2445330005','1','1211','1','1','01'),('8a455a194dcd2300014dcd23e6f30001','1','qqw','1','1','01'),('ff8080814dce612f014dce62ad740002','12','12','0','','01'),('ff8080814dce72ec014dce833f5f0008','12233','12','0','','01'),('ff8080814dce72ec014dce833f5f0009','12233','qqw','1','','01'),('ff8080814dce391d014dce3df0610002','123','','0','','01'),('8a455a194dcd2300014dcd35cca3000e','2','2','0','1','01'),('ff8080814dce72ec014dce741a160004','22','c001','0','','01'),('ff8080814dce3550014dce380b050002','3','','0','','01');

#
# Structure for table "optimistic_locking"
#

DROP TABLE IF EXISTS `optimistic_locking`;
CREATE TABLE `optimistic_locking` (
  `ID` varchar(32) NOT NULL,
  `ACCOUNT` int(11) DEFAULT NULL,
  `AGE` int(11) DEFAULT NULL,
  `NAME` varchar(85) DEFAULT NULL,
  `VER` int(11) DEFAULT NULL,
  PRIMARY KEY (`ID`)
) ENGINE=InnoDB DEFAULT CHARSET=utf8;

#
# Data for table "optimistic_locking"
#


#
# Structure for table "pbcatcol"
#

DROP TABLE IF EXISTS `pbcatcol`;
CREATE TABLE `pbcatcol` (
  `pbc_tnam` char(65) NOT NULL,
  `pbc_tid` int(11) DEFAULT NULL,
  `pbc_ownr` char(65) NOT NULL,
  `pbc_cnam` char(65) NOT NULL,
  `pbc_cid` smallint(6) DEFAULT NULL,
  `pbc_labl` varchar(254) DEFAULT NULL,
  `pbc_lpos` smallint(6) DEFAULT NULL,
  `pbc_hdr` varchar(254) DEFAULT NULL,
  `pbc_hpos` smallint(6) DEFAULT NULL,
  `pbc_jtfy` smallint(6) DEFAULT NULL,
  `pbc_mask` varchar(31) DEFAULT NULL,
  `pbc_case` smallint(6) DEFAULT NULL,
  `pbc_hght` smallint(6) DEFAULT NULL,
  `pbc_wdth` smallint(6) DEFAULT NULL,
  `pbc_ptrn` varchar(31) DEFAULT NULL,
  `pbc_bmap` char(1) DEFAULT NULL,
  `pbc_init` varchar(254) DEFAULT NULL,
  `pbc_cmnt` varchar(254) DEFAULT NULL,
  `pbc_edit` varchar(31) DEFAULT NULL,
  `pbc_tag` varchar(254) DEFAULT NULL,
  UNIQUE KEY `pbcatc_x` (`pbc_tnam`,`pbc_ownr`,`pbc_cnam`)
) ENGINE=InnoDB DEFAULT CHARSET=utf8;

#
# Data for table "pbcatcol"
#


#
# Structure for table "pbcatedt"
#

DROP TABLE IF EXISTS `pbcatedt`;
CREATE TABLE `pbcatedt` (
  `pbe_name` varchar(30) NOT NULL,
  `pbe_edit` varchar(254) DEFAULT NULL,
  `pbe_type` smallint(6) DEFAULT NULL,
  `pbe_cntr` int(11) DEFAULT NULL,
  `pbe_seqn` smallint(6) NOT NULL,
  `pbe_flag` int(11) DEFAULT NULL,
  `pbe_work` char(32) DEFAULT NULL,
  UNIQUE KEY `pbcate_x` (`pbe_name`,`pbe_seqn`)
) ENGINE=InnoDB DEFAULT CHARSET=utf8;

#
# Data for table "pbcatedt"
#

INSERT INTO `pbcatedt` VALUES ('#####','#####',90,1,1,32,'10'),('###,###.00','###,###.00',90,1,1,32,'10'),('###-##-####','###-##-####',90,1,1,32,'00'),('DD/MM/YY','DD/MM/YY',90,1,1,32,'20'),('DD/MM/YY HH:MM:SS','DD/MM/YY HH:MM:SS',90,1,1,32,'40'),('DD/MM/YY HH:MM:SS:FFFFFF','DD/MM/YY HH:MM:SS:FFFFFF',90,1,1,32,'40'),('DD/MM/YYYY','DD/MM/YYYY',90,1,1,32,'20'),('DD/MM/YYYY HH:MM:SS','DD/MM/YYYY HH:MM:SS',90,1,1,32,'40'),('DD/MMM/YY','DD/MMM/YY',90,1,1,32,'20'),('DD/MMM/YY HH:MM:SS','DD/MMM/YY HH:MM:SS',90,1,1,32,'40'),('HH:MM:SS','HH:MM:SS',90,1,1,32,'30'),('HH:MM:SS:FFF','HH:MM:SS:FFF',90,1,1,32,'30'),('HH:MM:SS:FFFFFF','HH:MM:SS:FFFFFF',90,1,1,32,'30'),('JJJ/YY','JJJ/YY',90,1,1,32,'20'),('JJJ/YY HH:MM:SS','JJJ/YY HH:MM:SS',90,1,1,32,'40'),('JJJ/YYYY','JJJ/YYYY',90,1,1,32,'20'),('JJJ/YYYY HH:MM:SS','JJJ/YYYY HH:MM:SS',90,1,1,32,'40'),('MM/DD/YY','MM/DD/YY',90,1,1,32,'20'),('MM/DD/YY HH:MM:SS','MM/DD/YY HH:MM:SS',90,1,1,32,'40'),('MM/DD/YYYY','MM/DD/YYYY',90,1,1,32,'20'),('MM/DD/YYYY HH:MM:SS','MM/DD/YYYY HH:MM:SS',90,1,1,32,'40');

#
# Structure for table "pbcatfmt"
#

DROP TABLE IF EXISTS `pbcatfmt`;
CREATE TABLE `pbcatfmt` (
  `pbf_name` varchar(30) NOT NULL,
  `pbf_frmt` varchar(254) DEFAULT NULL,
  `pbf_type` smallint(6) DEFAULT NULL,
  `pbf_cntr` int(11) DEFAULT NULL,
  UNIQUE KEY `pbcatf_x` (`pbf_name`)
) ENGINE=InnoDB DEFAULT CHARSET=utf8;

#
# Data for table "pbcatfmt"
#

INSERT INTO `pbcatfmt` VALUES ('#,##0','#,##0',81,0),('#,##0.00','#,##0.00',81,0),('$#,##0.00;($#,##0.00)','$#,##0.00;($#,##0.00)',81,0),('$#,##0.00;[RED]($#,##0.00)','$#,##0.00;[RED]($#,##0.00)',81,0),('$#,##0;($#,##0)','$#,##0;($#,##0)',81,0),('$#,##0;[RED]($#,##0)','$#,##0;[RED]($#,##0)',81,0),('0','0',81,0),('0%','0%',81,0),('0.00','0.00',81,0),('0.00%','0.00%',81,0),('0.00E+00','0.00E+00',81,0),('d-mmm','d-mmm',84,0),('d-mmm-yy','d-mmm-yy',84,0),('h:mm AM/PM','h:mm AM/PM',84,0),('h:mm:ss','h:mm:ss',84,0),('h:mm:ss AM/PM','h:mm:ss AM/PM',84,0),('m/d/yy','m/d/yy',84,0),('m/d/yy h:mm','m/d/yy h:mm',84,0),('mmm-yy','mmm-yy',84,0),('[General]','[General]',81,0);

#
# Structure for table "pbcattbl"
#

DROP TABLE IF EXISTS `pbcattbl`;
CREATE TABLE `pbcattbl` (
  `pbt_tnam` char(65) NOT NULL,
  `pbt_tid` int(11) DEFAULT NULL,
  `pbt_ownr` char(65) NOT NULL,
  `pbd_fhgt` smallint(6) DEFAULT NULL,
  `pbd_fwgt` smallint(6) DEFAULT NULL,
  `pbd_fitl` char(1) DEFAULT NULL,
  `pbd_funl` char(1) DEFAULT NULL,
  `pbd_fchr` smallint(6) DEFAULT NULL,
  `pbd_fptc` smallint(6) DEFAULT NULL,
  `pbd_ffce` char(18) DEFAULT NULL,
  `pbh_fhgt` smallint(6) DEFAULT NULL,
  `pbh_fwgt` smallint(6) DEFAULT NULL,
  `pbh_fitl` char(1) DEFAULT NULL,
  `pbh_funl` char(1) DEFAULT NULL,
  `pbh_fchr` smallint(6) DEFAULT NULL,
  `pbh_fptc` smallint(6) DEFAULT NULL,
  `pbh_ffce` char(18) DEFAULT NULL,
  `pbl_fhgt` smallint(6) DEFAULT NULL,
  `pbl_fwgt` smallint(6) DEFAULT NULL,
  `pbl_fitl` char(1) DEFAULT NULL,
  `pbl_funl` char(1) DEFAULT NULL,
  `pbl_fchr` smallint(6) DEFAULT NULL,
  `pbl_fptc` smallint(6) DEFAULT NULL,
  `pbl_ffce` char(18) DEFAULT NULL,
  `pbt_cmnt` varchar(254) DEFAULT NULL,
  UNIQUE KEY `pbcatt_x` (`pbt_tnam`,`pbt_ownr`)
) ENGINE=InnoDB DEFAULT CHARSET=utf8;

#
# Data for table "pbcattbl"
#


#
# Structure for table "pbcatvld"
#

DROP TABLE IF EXISTS `pbcatvld`;
CREATE TABLE `pbcatvld` (
  `pbv_name` varchar(30) NOT NULL,
  `pbv_vald` varchar(254) DEFAULT NULL,
  `pbv_type` smallint(6) DEFAULT NULL,
  `pbv_cntr` int(11) DEFAULT NULL,
  `pbv_msg` varchar(254) DEFAULT NULL,
  UNIQUE KEY `pbcatv_x` (`pbv_name`)
) ENGINE=InnoDB DEFAULT CHARSET=utf8;

#
# Data for table "pbcatvld"
#


#
# Structure for table "storage"
#

DROP TABLE IF EXISTS `storage`;
CREATE TABLE `storage` (
  `ID` varchar(32) DEFAULT NULL,
  `STORAGE_ID` varchar(32) NOT NULL DEFAULT '' COMMENT '编号',
  `STORAGE_NAME` varchar(50) NOT NULL DEFAULT '' COMMENT '名称',
  `STORAGE_IP` varchar(25) NOT NULL DEFAULT '' COMMENT '设备IP',
  `STORAGE_PORT` varchar(10) DEFAULT NULL COMMENT '存储端口',
  `DATA_PORT` varchar(10) DEFAULT NULL COMMENT '数据端口',
  `BANK_ID` varchar(32) DEFAULT NULL COMMENT '银行网点',
  `SPACE` decimal(14,0) DEFAULT NULL COMMENT '存储空间(M)',
  `SPACE_MIN` decimal(14,0) DEFAULT NULL COMMENT '预警空间(M)',
  `STATUS` varchar(2) NOT NULL DEFAULT '' COMMENT '是否启用',
  `SPACE_USED` decimal(10,2) DEFAULT NULL COMMENT '已使用空间',
  `SPACE_UN` decimal(10,2) DEFAULT NULL COMMENT '未使用空间',
  `EMP_ID` varchar(255) DEFAULT NULL COMMENT '员工编号',
  PRIMARY KEY (`STORAGE_ID`)
) ENGINE=InnoDB DEFAULT CHARSET=utf8;

#
# Data for table "storage"
#

INSERT INTO `storage` VALUES ('297e97964dbe6ab6014dbe75a38e0003','jn001','济南存储001','10.10.1.1','8000','121','8a2380e34d9ae790014d9afc13ac000c',11,111,'01',NULL,NULL,NULL);

#
# Structure for table "t_finance"
#

DROP TABLE IF EXISTS `t_finance`;
CREATE TABLE `t_finance` (
  `ID` varchar(32) NOT NULL,
  `APPROFILETYPE` varchar(255) DEFAULT NULL,
  `BUYMONEY` float DEFAULT NULL,
  `BUYPROJECTNO` varchar(255) DEFAULT NULL,
  `BUYPROJECTORG` varchar(255) DEFAULT NULL,
  `BUYUSE` varchar(255) DEFAULT NULL,
  `BUYYEAR` varchar(255) DEFAULT NULL,
  `CATEGORY` varchar(255) DEFAULT NULL,
  `COLLECTORG` varchar(255) DEFAULT NULL,
  `EXPENSEACCOUNT` varchar(255) DEFAULT NULL,
  `HAPPENYEAR` int(11) DEFAULT NULL,
  `MONEYAREA` varchar(255) DEFAULT NULL,
  `MONEYSOURCE` varchar(255) DEFAULT NULL,
  `MONEYTOTAL` float DEFAULT NULL,
  `MONEYUSE` varchar(255) DEFAULT NULL,
  `PAYTIME` datetime DEFAULT NULL,
  `ZBWNO` varchar(255) DEFAULT NULL,
  PRIMARY KEY (`ID`)
) ENGINE=InnoDB DEFAULT CHARSET=utf8;

#
# Data for table "t_finance"
#

INSERT INTO `t_finance` VALUES ('ff8080814dd89d7d014dd89eab6e0001','',NULL,NULL,NULL,NULL,NULL,'','11','',111,NULL,NULL,NULL,NULL,'2015-06-18 00:00:00','');

#
# Structure for table "t_s_busstype"
#

DROP TABLE IF EXISTS `t_s_busstype`;
CREATE TABLE `t_s_busstype` (
  `ID` varchar(32) NOT NULL,
  `BUSSTYPE_ID` varchar(32) NOT NULL,
  `BUSSTYPE_NAME` varchar(100) NOT NULL,
  `BUSSTYPE_LEVEL` smallint(6) DEFAULT NULL,
  `MONTH` int(11) DEFAULT '0',
  `NOTE` varchar(100) DEFAULT NULL,
  `PARENTFUNCTIONID` varchar(32) DEFAULT NULL,
  PRIMARY KEY (`ID`)
) ENGINE=InnoDB DEFAULT CHARSET=utf8;

#
# Data for table "t_s_busstype"
#


#
# Structure for table "t_s_category"
#

DROP TABLE IF EXISTS `t_s_category`;
CREATE TABLE `t_s_category` (
  `ID` varchar(36) NOT NULL,
  `CODE` varchar(32) DEFAULT NULL,
  `CREATE_BY` varchar(50) DEFAULT NULL,
  `CREATE_DATE` datetime DEFAULT NULL,
  `CREATE_NAME` varchar(50) DEFAULT NULL,
  `NAME` varchar(32) DEFAULT NULL,
  `SYS_COMPANY_CODE` varchar(15) DEFAULT NULL,
  `SYS_ORG_CODE` varchar(15) DEFAULT NULL,
  `UPDATE_BY` varchar(50) DEFAULT NULL,
  `UPDATE_DATE` datetime DEFAULT NULL,
  `UPDATE_NAME` varchar(50) DEFAULT NULL,
  `ICON_ID` varchar(32) DEFAULT NULL,
  `PARENT_CODE` varchar(32) DEFAULT NULL,
  PRIMARY KEY (`ID`)
) ENGINE=InnoDB DEFAULT CHARSET=utf8;

#
# Data for table "t_s_category"
#


#
# Structure for table "t_s_data_rule"
#

DROP TABLE IF EXISTS `t_s_data_rule`;
CREATE TABLE `t_s_data_rule` (
  `ID` varchar(32) NOT NULL,
  `create_by` varchar(32) NOT NULL,
  `create_date` datetime NOT NULL,
  `create_name` varchar(32) NOT NULL,
  `rule_column` varchar(100) NOT NULL,
  `rule_conditions` varchar(100) NOT NULL,
  `rule_name` varchar(32) NOT NULL,
  `rule_value` varchar(100) NOT NULL,
  `update_by` varchar(32) NOT NULL,
  `update_date` datetime NOT NULL,
  `update_name` varchar(32) NOT NULL,
  `functionId` varchar(32) DEFAULT NULL,
  PRIMARY KEY (`ID`)
) ENGINE=InnoDB DEFAULT CHARSET=utf8;

#
# Data for table "t_s_data_rule"
#


#
# Structure for table "t_s_data_source"
#

DROP TABLE IF EXISTS `t_s_data_source`;
CREATE TABLE `t_s_data_source` (
  `ID` varchar(36) NOT NULL,
  `DB_KEY` varchar(50) NOT NULL,
  `DB_PASSWORD` varchar(50) DEFAULT NULL,
  `DB_TYPE` varchar(50) DEFAULT NULL,
  `DB_USER` varchar(50) NOT NULL,
  `DESCRIPTION` varchar(50) NOT NULL,
  `DRIVER_CLASS` varchar(50) NOT NULL,
  `URL` varchar(100) NOT NULL,
  PRIMARY KEY (`ID`)
) ENGINE=InnoDB DEFAULT CHARSET=utf8;

#
# Data for table "t_s_data_source"
#


#
# Structure for table "t_s_demo"
#

DROP TABLE IF EXISTS `t_s_demo`;
CREATE TABLE `t_s_demo` (
  `ID` varchar(32) NOT NULL,
  `democode` longtext,
  `demoorder` smallint(6) DEFAULT NULL,
  `demotitle` varchar(200) DEFAULT NULL,
  `demourl` varchar(200) DEFAULT NULL,
  `demopid` varchar(32) DEFAULT NULL,
  PRIMARY KEY (`ID`),
  KEY `FK_fni8e3v88wcf2sahhlv57u4nm` (`demopid`),
  CONSTRAINT `FK_fni8e3v88wcf2sahhlv57u4nm` FOREIGN KEY (`demopid`) REFERENCES `t_s_demo` (`ID`)
) ENGINE=InnoDB DEFAULT CHARSET=utf8;

#
# Data for table "t_s_demo"
#

INSERT INTO `t_s_demo` VALUES ('297e97964dbe6ab6014dbe7bd1360008','44444',1,'31111w','44','40283f824d840865014d8409042f00c7'),('40283f824d840865014d8409042f00c7','<div class=\"form\">\r\n   <label class=\"Validform_label\">\r\n     非空验证：\r\n    </label>\r\n    <input name=\"demotitle\" id=\"demotitle\" datatype=\"*\" errormsg=\"该字段不为空\">\r\n    <span class=\"Validform_checktip\"></span>\r\n   </div>\r\n   <div class=\"form\">\r\n     <label class=\"Validform_label\">\r\n     URL验证：\r\n    </label>\r\n    <input name=\"demourl\" id=\"demourl\" datatype=\"url\" errormsg=\"必须是URL\">\r\n    <span class=\"Validform_checktip\"></span>\r\n   </div>\r\n   <div class=\"form\">\r\n     <label class=\"Validform_label\">\r\n     至少选择2项：\r\n    </label>\r\n    <input name=\"shoppingsite1\" class=\"rt2\" id=\"shoppingsite21\" type=\"checkbox\" value=\"1\" datatype=\"need2\" nullmsg=\"请选择您的爱好！\" />\r\n  \r\n     阅读\r\n  \r\n    <input name=\"shoppingsite1\" class=\"rt2\" id=\"shoppingsite22\" type=\"checkbox\" value=\"2\" />\r\n    \r\n     音乐\r\n  \r\n    <input name=\"shoppingsite1\" class=\"rt2\" id=\"shoppingsite23\" type=\"checkbox\" value=\"3\" />\r\n  \r\n     运动\r\n   \r\n    <span class=\"Validform_checktip\"></span>\r\n   </div>\r\n   <div class=\"form\">\r\n     <label class=\"Validform_label\">\r\n     邮箱：\r\n    </label>\r\n    <input name=\"demoorder\" id=\"demoorder\" datatype=\"e\" errormsg=\"邮箱非法\">\r\n    <span class=\"Validform_checktip\"></span>\r\n   </div>\r\n   <div class=\"form\">\r\n     <label class=\"Validform_label\">\r\n     手机号：\r\n    </label>\r\n    <input name=\"phone\" id=\"phone\" datatype=\"m\" errormsg=\"手机号非法\">\r\n    <span class=\"Validform_checktip\"></span>\r\n   </div>\r\n   <div class=\"form\">\r\n     <label class=\"Validform_label\">\r\n     金额：\r\n    </label>\r\n    <input name=\"money\" id=\"money\" datatype=\"d\" errormsg=\"金额非法\">\r\n    <span class=\"Validform_checktip\"></span>\r\n   </div>\r\n   <div class=\"form\">\r\n     <label class=\"Validform_label\">\r\n     日期：\r\n    </label>\r\n    <input name=\"date\" id=\"date\" class=\"easyui-datebox\">\r\n    <span class=\"Validform_checktip\"></span>\r\n   </div>\r\n   <div class=\"form\">\r\n     <label class=\"Validform_label\">\r\n     时间：\r\n    </label>\r\n    <input name=\"time\" id=\"time\" class=\"easyui-datetimebox\">\r\n    <span class=\"Validform_checktip\"></span>\r\n   </div>',NULL,'表单验证',NULL,NULL);

#
# Structure for table "t_s_depart"
#

DROP TABLE IF EXISTS `t_s_depart`;
CREATE TABLE `t_s_depart` (
  `ID` varchar(32) NOT NULL,
  `departname` varchar(100) NOT NULL,
  `description` longtext,
  `parentdepartid` varchar(32) DEFAULT NULL,
  PRIMARY KEY (`ID`),
  KEY `FK_knnm3wb0bembwvm0il7tf6686` (`parentdepartid`),
  CONSTRAINT `FK_knnm3wb0bembwvm0il7tf6686` FOREIGN KEY (`parentdepartid`) REFERENCES `t_s_depart` (`ID`)
) ENGINE=InnoDB DEFAULT CHARSET=utf8;

#
# Data for table "t_s_depart"
#

INSERT INTO `t_s_depart` VALUES ('40283f824d840865014d8409019f0015','信息中心','12',NULL),('8a2380e34d9ae790014d9afc13ac000c','山东省农业银行','省管理',NULL),('8a2380e34d9ae790014d9afca012000e','济南市银行','市银行','8a2380e34d9ae790014d9afc13ac000c'),('8a2380e34d9ae790014d9afd03340010','青岛市银行','市银行','8a2380e34d9ae790014d9afc13ac000c'),('8a2380e34d9ae790014d9afd7dc90012','历下网点','历下网点','8a2380e34d9ae790014d9afca012000e');

#
# Structure for table "t_s_base_user"
#

DROP TABLE IF EXISTS `t_s_base_user`;
CREATE TABLE `t_s_base_user` (
  `ID` varchar(32) NOT NULL,
  `activitiSync` smallint(6) DEFAULT NULL,
  `browser` varchar(20) DEFAULT NULL,
  `password` varchar(100) DEFAULT NULL,
  `realname` varchar(50) DEFAULT NULL,
  `signature` blob,
  `status` smallint(6) DEFAULT NULL,
  `userkey` varchar(200) DEFAULT NULL,
  `username` varchar(10) NOT NULL,
  `departid` varchar(32) DEFAULT NULL,
  PRIMARY KEY (`ID`),
  KEY `FK_15jh1g4iem1857546ggor42et` (`departid`),
  CONSTRAINT `FK_15jh1g4iem1857546ggor42et` FOREIGN KEY (`departid`) REFERENCES `t_s_depart` (`ID`)
) ENGINE=InnoDB DEFAULT CHARSET=utf8;

#
# Data for table "t_s_base_user"
#

INSERT INTO `t_s_base_user` VALUES ('40283f824d840865014d840902590044',NULL,NULL,'c44b01947c9e6e3f','管理员',NULL,1,NULL,'admin','8a2380e34d9ae790014d9afc13ac000c'),('40283f824d840865014d8409025f0045',NULL,NULL,'97c07a884bf272b5','张小宝',NULL,1,NULL,'scott','8a2380e34d9ae790014d9afca012000e'),('8a2380e34d9ae790014d9b0397340027',NULL,NULL,'3d973448de67c1c2','阿牛',NULL,1,NULL,'chen','8a2380e34d9ae790014d9afc13ac000c'),('8a2380e34d9ae790014d9b043596002a',NULL,NULL,'6eaf148cb72c0845','胡老师',NULL,1,NULL,'hu','8a2380e34d9ae790014d9afca012000e'),('8a2380e34d9ae790014d9b04bfeb002d',NULL,NULL,'cefce57da0685c6c','李达',NULL,1,NULL,'lhd','8a2380e34d9ae790014d9afd7dc90012');

#
# Structure for table "t_s_fileno"
#

DROP TABLE IF EXISTS `t_s_fileno`;
CREATE TABLE `t_s_fileno` (
  `ID` varchar(32) NOT NULL,
  `filenobefore` varchar(32) DEFAULT NULL,
  `filenonum` int(11) DEFAULT NULL,
  `filenotype` varchar(32) DEFAULT NULL,
  `filenoYear` date DEFAULT NULL,
  PRIMARY KEY (`ID`)
) ENGINE=InnoDB DEFAULT CHARSET=utf8;

#
# Data for table "t_s_fileno"
#


#
# Structure for table "t_s_icon"
#

DROP TABLE IF EXISTS `t_s_icon`;
CREATE TABLE `t_s_icon` (
  `ID` varchar(32) NOT NULL,
  `extend` varchar(255) DEFAULT NULL,
  `iconclas` varchar(200) DEFAULT NULL,
  `content` blob,
  `name` varchar(100) NOT NULL,
  `path` longtext,
  `type` smallint(6) DEFAULT NULL,
  PRIMARY KEY (`ID`)
) ENGINE=InnoDB DEFAULT CHARSET=utf8;

#
# Data for table "t_s_icon"
#

INSERT INTO `t_s_icon` VALUES ('40283f824d840865014d8409015d0000','png','back',NULL,'返回','plug-in/accordion/images/back.png',1),('40283f824d840865014d840901830001','png','pie',NULL,'饼图','plug-in/accordion/images/pie.png',1),('40283f824d840865014d840901840002','png','pictures',NULL,'图片','plug-in/accordion/images/pictures.png',1),('40283f824d840865014d840901850003','png','pencil',NULL,'笔','plug-in/accordion/images/pencil.png',1),('40283f824d840865014d840901850004','png','map',NULL,'地图','plug-in/accordion/images/map.png',1),('40283f824d840865014d840901870005','png','group_add',NULL,'组','plug-in/accordion/images/group_add.png',1),('40283f824d840865014d840901880006','png','calculator',NULL,'计算器','plug-in/accordion/images/calculator.png',1),('40283f824d840865014d840901890007','png','folder',NULL,'文件夹','plug-in/accordion/images/folder.png',1);

#
# Structure for table "t_s_function"
#

DROP TABLE IF EXISTS `t_s_function`;
CREATE TABLE `t_s_function` (
  `ID` varchar(32) NOT NULL,
  `functioniframe` smallint(6) DEFAULT NULL,
  `functionlevel` smallint(6) DEFAULT NULL,
  `functionname` varchar(50) NOT NULL,
  `functionorder` varchar(255) DEFAULT NULL,
  `functionurl` varchar(100) DEFAULT NULL,
  `parentfunctionid` varchar(32) DEFAULT NULL,
  `iconid` varchar(32) DEFAULT NULL,
  PRIMARY KEY (`ID`)
) ENGINE=InnoDB DEFAULT CHARSET=utf8;

#
# Data for table "t_s_function"
#

INSERT INTO `t_s_function` VALUES ('297e97964dc3dbd3014dc3e97b6e0006',NULL,1,'产品类型','2','bussproductController.do?bussproduct','ff8080814da47468014da47d860f0009','40283f824d840865014d840901840002'),('2c948a864e1bb338014e1bb55da40001',NULL,1,'业务查询','6','billQueryMainController.do?billAllQuery','ff8080814da47468014da47c88fa0005','40283f824d840865014d840901840002'),('40283f824d840865014d840901c10018',NULL,0,'Online 开发','1','',NULL,'40283f824d840865014d840901890007'),('40283f824d840865014d840901c40019',NULL,0,'系统管理','5','',NULL,'40283f824d840865014d840901870005'),('40283f824d840865014d840901c6001a',NULL,0,'统计查询','6','',NULL,'40283f824d840865014d840901890007'),('40283f824d840865014d840901c8001b',NULL,0,'常用示例','8','',NULL,'40283f824d840865014d840901840002'),('40283f824d840865014d840901c9001c',NULL,0,'系统监控','11','',NULL,'40283f824d840865014d840901840002'),('40283f824d840865014d840901cc001d',NULL,1,'用户管理','5','userController.do?user','40283f824d840865014d840901c40019','40283f824d840865014d840901840002'),('40283f824d840865014d840901ce001e',NULL,1,'角色管理','6','roleController.do?role','40283f824d840865014d840901c40019','40283f824d840865014d840901840002'),('40283f824d840865014d840901d0001f',NULL,1,'菜单管理','7','functionController.do?function','40283f824d840865014d840901c40019','40283f824d840865014d840901840002'),('40283f824d840865014d840901d30020',NULL,1,'数据字典','6','systemController.do?typeGroupList','40283f824d840865014d840901c40019','40283f824d840865014d840901840002'),('40283f824d840865014d840901d60021',NULL,1,'图标管理','18','iconController.do?icon','40283f824d840865014d840901c40019','40283f824d840865014d840901840002'),('40283f824d840865014d840901d80022',NULL,1,'部门管理','22','departController.do?depart','40283f824d840865014d840901c40019','40283f824d840865014d840901840002'),('40283f824d840865014d840901da0023',NULL,1,'地域管理','22','territoryController.do?territory','40283f824d840865014d840901c40019','40283f824d840865014d840901830001'),('40283f824d840865014d840901de0024',NULL,1,'用户分析','17','logController.do?statisticTabs&isIframe','40283f824d840865014d840901c6001a','40283f824d840865014d840901830001'),('40283f824d840865014d840901e20025',NULL,1,'表单配置','1','cgFormHeadController.do?cgFormHeadList','40283f824d840865014d840901c10018','40283f824d840865014d840901840002'),('40283f824d840865014d840901e50026',NULL,1,'动态报表配置','2','cgreportConfigHeadController.do?cgreportConfigHead','40283f824d840865014d840901c10018','40283f824d840865014d840901840002'),('40283f824d840865014d840901e70027',NULL,1,'数据监控','11','dataSourceController.do?goDruid&isIframe','40283f824d840865014d840901c9001c','40283f824d840865014d840901840002'),('40283f824d840865014d840901eb0028',NULL,1,'系统日志','21','logController.do?log','40283f824d840865014d840901c9001c','40283f824d840865014d840901840002'),('40283f824d840865014d840901f00029',NULL,1,'定时任务','21','timeTaskController.do?timeTask','40283f824d840865014d840901c9001c','40283f824d840865014d840901840002'),('40283f824d840865014d840901f5002a',NULL,1,'表单验证','1','demoController.do?formTabs','40283f824d840865014d840901c8001b','40283f824d840865014d840901840002'),('40283f824d840865014d840901f9002b',NULL,1,'Demo示例','2','jeecgDemoController.do?jeecgDemo','40283f824d840865014d840901c8001b','40283f824d840865014d840901840002'),('40283f824d840865014d840901fe002c',NULL,1,'Minidao例子','2','jeecgMinidaoController.do?jeecgMinidao','40283f824d840865014d840901c8001b','40283f824d840865014d840901840002'),('40283f824d840865014d84090201002d',NULL,1,'单表模型','3','jeecgNoteController.do?jeecgNote','40283f824d840865014d840901c8001b','40283f824d840865014d840901840002'),('40283f824d840865014d84090206002e',NULL,1,'一对多模型','4','jeecgOrderMainController.do?jeecgOrderMain','40283f824d840865014d840901c8001b','40283f824d840865014d840901840002'),('40283f824d840865014d8409020a002f',NULL,1,'Excel导入导出','5','courseController.do?course','40283f824d840865014d840901c8001b','40283f824d840865014d840901840002'),('40283f824d840865014d8409020d0030',NULL,1,'上传下载','6','commonController.do?listTurn&turn=system/document/filesList','40283f824d840865014d840901c8001b','40283f824d840865014d840901840002'),('40283f824d840865014d840902120031',NULL,1,'JqueryFileUpload示例','6','fileUploadController.do?fileUploadSample&isIframe','40283f824d840865014d840901c8001b','40283f824d840865014d840901840002'),('40283f824d840865014d840902160032',NULL,1,'无分页列表','7','userNoPageController.do?user','40283f824d840865014d840901c8001b','40283f824d840865014d840901840002'),('40283f824d840865014d8409021a0033',NULL,1,'jdbc示例','8','jeecgJdbcController.do?jeecgJdbc','40283f824d840865014d840901c8001b','40283f824d840865014d840901840002'),('40283f824d840865014d8409021d0034',NULL,1,'SQL分离','9','jeecgJdbcController.do?dictParameter','40283f824d840865014d840901c8001b','40283f824d840865014d840901840002'),('40283f824d840865014d840902200035',NULL,1,'字典标签','10','demoController.do?dictSelect','40283f824d840865014d840901c8001b','40283f824d840865014d840901840002'),('40283f824d840865014d840902240036',NULL,1,'表单弹出风格','11','demoController.do?demoList','40283f824d840865014d840901c8001b','40283f824d840865014d840901840002'),('40283f824d840865014d8409022a0037',NULL,1,'特殊布局','12','demoController.do?demoIframe','40283f824d840865014d840901c8001b','40283f824d840865014d840901840002'),('40283f824d840865014d8409022f0038',NULL,1,'单表例子(无Tag)','13','jeecgEasyUIController.do?jeecgEasyUI','40283f824d840865014d840901c8001b','40283f824d840865014d840901840002'),('40283f824d840865014d840902320039',NULL,1,'一对多例子(无Tag)','14','jeecgOrderMainNoTagController.do?jeecgOrderMainNoTag','40283f824d840865014d840901c8001b','40283f824d840865014d840901840002'),('40283f824d840865014d84090234003a',NULL,1,'HTML编辑器','15','jeecgDemoController.do?ckeditor&isIframe','40283f824d840865014d840901c8001b','40283f824d840865014d840901840002'),('40283f824d840865014d84090237003b',NULL,1,'在线word(IE)','16','webOfficeController.do?webOffice','40283f824d840865014d840901c8001b','40283f824d840865014d840901840002'),('40283f824d840865014d8409023b003c',NULL,1,'WebOffice官方例子','17','webOfficeController.do?webOfficeSample&isIframe','40283f824d840865014d840901c8001b','40283f824d840865014d840901840002'),('40283f824d840865014d8409023e003d',NULL,1,'多附件管理','18','tFinanceController.do?tFinance','40283f824d840865014d840901c8001b','40283f824d840865014d840901840002'),('40283f824d840865014d84090240003e',NULL,1,'Datagrid手工Html','19','userController.do?userDemo','40283f824d840865014d840901c8001b','40283f824d840865014d840901840002'),('40283f824d840865014d84090243003f',NULL,1,'物料Bom','20','jeecgMatterBomController.do?goList','40283f824d840865014d840901c8001b','40283f824d840865014d840901840002'),('40283f824d840865014d840902450040',NULL,1,'报表示例','21','reportDemoController.do?studentStatisticTabs&isIframe','40283f824d840865014d840901c6001a','40283f824d840865014d840901830001'),('40283f824d840865014d840902480041',NULL,1,'ckfinder例子','100','jeecgDemoCkfinderController.do?jeecgDemoCkfinder','40283f824d840865014d840901c8001b','40283f824d840865014d840901840002'),('8a22800a4d9a4243014d9a43e54a0001',NULL,1,'业务管理','5','billController.do?bill','40283f824d840865014d840901c8001b','40283f824d840865014d840901840002'),('8a8a8b9e4da74da1014da76859610021',NULL,1,'理财室管理','3','officeController.do?office','ff8080814da47468014da47d860f0009','40283f824d840865014d840901840002'),('8a8a8b9e4da74da1014da76a67c80028',NULL,0,'平台配置','9','',NULL,'40283f824d840865014d840901890007'),('8a8a8b9e4da74da1014da76acb93002a',NULL,1,'存储设备管理','1','storageController.do?storage','8a8a8b9e4da74da1014da76a67c80028','40283f824d840865014d840901840002'),('8a8a8b9e4da74da1014da76b3812002c',NULL,1,'采集终端管理','3','terminalController.do?terminal','8a8a8b9e4da74da1014da76a67c80028','40283f824d840865014d840901840002'),('8a8a8b9e4da74da1014da76d21390031',NULL,1,'理财登记','1','billMainController.do?billMain','ff8080814da47468014da47c88fa0005','40283f824d840865014d840901840002'),('8a8a8b9e4da74da1014da76d5de70033',NULL,1,'文件补录','2','billBackMainController.do?billback','ff8080814da47468014da47c88fa0005','40283f824d840865014d840901840002'),('8a8a8b9e4da74da1014da76dbce10035',NULL,1,'文件上传查询','3','billFileMainController.do?billfile','ff8080814da47468014da47c88fa0005','40283f824d840865014d840901840002'),('8a8a8b9e4da74da1014da76e16480037',NULL,1,'理财查询','4','billQueryMainController.do?billquery','ff8080814da47468014da47c88fa0005','40283f824d840865014d840901840002'),('8a8a8b9e4da74da1014da76e8d810039',NULL,0,'客户管理','2','',NULL,'40283f824d840865014d840901840002'),('8a8a8b9e4da74da1014da76ec4ec003b',NULL,1,'客户登记','1','custController.do?cust','8a8a8b9e4da74da1014da76e8d810039','40283f824d840865014d840901840002'),('8a8a8b9e4dc28db6014dc2e50d020012',NULL,1,'通道管理','2','channelController.do?channel','8a8a8b9e4da74da1014da76a67c80028','40283f824d840865014d840901840002'),('ff8080814da47468014da47c88fa0005',NULL,0,'理财业务','4','',NULL,'40283f824d840865014d840901890007'),('ff8080814da47468014da47d860f0009',NULL,0,'基础数据','3','',NULL,'40283f824d840865014d840901890007'),('ff8080814da47468014da47dd0f6000b',NULL,1,'业务类型','1','busstypeController.do?busstype','ff8080814da47468014da47d860f0009','40283f824d840865014d840901840002'),('ff8080814dd88629014dd887aad70001',NULL,1,'报警中心','4','warncenterController.do?warncenter','40283f824d840865014d840901c9001c','40283f824d840865014d840901840002');

#
# Structure for table "t_s_muti_lang"
#

DROP TABLE IF EXISTS `t_s_muti_lang`;
CREATE TABLE `t_s_muti_lang` (
  `ID` varchar(32) NOT NULL,
  `CREATE_BY` varchar(50) NOT NULL,
  `CREATE_DATE` datetime NOT NULL,
  `CREATE_NAME` varchar(50) NOT NULL,
  `LANG_CODE` varchar(50) NOT NULL,
  `LANG_CONTEXT` longtext NOT NULL,
  `LANG_KEY` varchar(50) NOT NULL,
  `UPDATE_BY` varchar(50) NOT NULL,
  `UPDATE_DATE` datetime NOT NULL,
  `UPDATE_NAME` varchar(50) NOT NULL,
  PRIMARY KEY (`ID`)
) ENGINE=InnoDB DEFAULT CHARSET=utf8;

#
# Data for table "t_s_muti_lang"
#


#
# Structure for table "t_s_operation"
#

DROP TABLE IF EXISTS `t_s_operation`;
CREATE TABLE `t_s_operation` (
  `ID` varchar(32) NOT NULL,
  `operationcode` varchar(50) DEFAULT NULL,
  `operationicon` varchar(100) DEFAULT NULL,
  `operationname` varchar(50) DEFAULT NULL,
  `status` smallint(6) DEFAULT NULL,
  `functionid` varchar(32) DEFAULT NULL,
  `iconid` varchar(32) DEFAULT NULL,
  PRIMARY KEY (`ID`)
) ENGINE=InnoDB DEFAULT CHARSET=utf8;

#
# Data for table "t_s_operation"
#

INSERT INTO `t_s_operation` VALUES ('40283f824d840865014d84090301006a','add',NULL,'录入',NULL,'40283f824d840865014d840901f9002b','40283f824d840865014d8409015d0000'),('40283f824d840865014d84090305006b','edit',NULL,'编辑',NULL,'40283f824d840865014d840901f9002b','40283f824d840865014d8409015d0000'),('40283f824d840865014d84090308006c','del',NULL,'删除',NULL,'40283f824d840865014d840901f9002b','40283f824d840865014d8409015d0000'),('40283f824d840865014d8409030c006d','szqm',NULL,'审核',NULL,'40283f824d840865014d840901f9002b','40283f824d840865014d8409015d0000');

#
# Structure for table "t_s_opintemplate"
#

DROP TABLE IF EXISTS `t_s_opintemplate`;
CREATE TABLE `t_s_opintemplate` (
  `ID` varchar(32) NOT NULL,
  `descript` varchar(100) DEFAULT NULL,
  PRIMARY KEY (`ID`)
) ENGINE=InnoDB DEFAULT CHARSET=utf8;

#
# Data for table "t_s_opintemplate"
#


#
# Structure for table "t_s_role"
#

DROP TABLE IF EXISTS `t_s_role`;
CREATE TABLE `t_s_role` (
  `ID` varchar(32) NOT NULL,
  `rolecode` varchar(10) DEFAULT NULL,
  `rolename` varchar(100) NOT NULL,
  PRIMARY KEY (`ID`)
) ENGINE=InnoDB DEFAULT CHARSET=utf8;

#
# Data for table "t_s_role"
#

INSERT INTO `t_s_role` VALUES ('40283f824d840865014d8409024b0042','admin','管理员'),('40283f824d840865014d8409024e0043','manager','普通用户'),('8a2380e34d9ae790014d9aff5b240016','superadmin','设备管理员'),('8a2380e34d9ae790014d9b000fdf0018','jnadmin','系统管理员'),('8a2380e34d9ae790014d9b00825d001a','user','理财顾问');

#
# Structure for table "t_s_role_function"
#

DROP TABLE IF EXISTS `t_s_role_function`;
CREATE TABLE `t_s_role_function` (
  `ID` varchar(32) NOT NULL,
  `operation` varchar(100) DEFAULT NULL,
  `functionid` varchar(32) DEFAULT NULL,
  `roleid` varchar(32) DEFAULT NULL,
  PRIMARY KEY (`ID`)
) ENGINE=InnoDB DEFAULT CHARSET=utf8;

#
# Data for table "t_s_role_function"
#

INSERT INTO `t_s_role_function` VALUES ('297e97964dc3dbd3014dc3e9a9920008',NULL,'297e97964dc3dbd3014dc3e97b6e0006','40283f824d840865014d8409024b0042'),('297e97964dc3dbd3014dc3e9c2fd0009',NULL,'297e97964dc3dbd3014dc3e97b6e0006','8a2380e34d9ae790014d9b000fdf0018'),('2c948a864e1bb338014e1bb58c0d0003',NULL,'2c948a864e1bb338014e1bb55da40001','40283f824d840865014d8409024b0042'),('40283f824d840865014d8409031b006e',NULL,'40283f824d840865014d840901c10018','40283f824d840865014d8409024b0042'),('40283f824d840865014d8409031f006f',NULL,'40283f824d840865014d840901c10018','40283f824d840865014d8409024e0043'),('40283f824d840865014d840903220070',NULL,'40283f824d840865014d840901c40019','40283f824d840865014d8409024b0042'),('40283f824d840865014d840903250071',NULL,'40283f824d840865014d840901c40019','40283f824d840865014d8409024e0043'),('40283f824d840865014d840903280072',NULL,'40283f824d840865014d840901c6001a','40283f824d840865014d8409024b0042'),('40283f824d840865014d8409032d0073',NULL,'40283f824d840865014d840901c6001a','40283f824d840865014d8409024e0043'),('40283f824d840865014d840903310074',NULL,'40283f824d840865014d840901c8001b','40283f824d840865014d8409024b0042'),('40283f824d840865014d840903340075',NULL,'40283f824d840865014d840901c8001b','40283f824d840865014d8409024e0043'),('40283f824d840865014d840903370076',NULL,'40283f824d840865014d840901c9001c','40283f824d840865014d8409024b0042'),('40283f824d840865014d840903390077',NULL,'40283f824d840865014d840901c9001c','40283f824d840865014d8409024e0043'),('40283f824d840865014d8409033c0078',NULL,'40283f824d840865014d840901cc001d','40283f824d840865014d8409024b0042'),('40283f824d840865014d8409033f0079',NULL,'40283f824d840865014d840901cc001d','40283f824d840865014d8409024e0043'),('40283f824d840865014d84090342007a',NULL,'40283f824d840865014d840901ce001e','40283f824d840865014d8409024b0042'),('40283f824d840865014d84090344007b',NULL,'40283f824d840865014d840901ce001e','40283f824d840865014d8409024e0043'),('40283f824d840865014d84090349007c',NULL,'40283f824d840865014d840901d0001f','40283f824d840865014d8409024b0042'),('40283f824d840865014d8409034c007d',NULL,'40283f824d840865014d840901d0001f','40283f824d840865014d8409024e0043'),('40283f824d840865014d84090353007e',NULL,'40283f824d840865014d840901d30020','40283f824d840865014d8409024b0042'),('40283f824d840865014d84090358007f',NULL,'40283f824d840865014d840901d30020','40283f824d840865014d8409024e0043'),('40283f824d840865014d8409035c0080',NULL,'40283f824d840865014d840901d60021','40283f824d840865014d8409024b0042'),('40283f824d840865014d8409035e0081',NULL,'40283f824d840865014d840901d60021','40283f824d840865014d8409024e0043'),('40283f824d840865014d840903620082',NULL,'40283f824d840865014d840901d80022','40283f824d840865014d8409024b0042'),('40283f824d840865014d840903650083',NULL,'40283f824d840865014d840901d80022','40283f824d840865014d8409024e0043'),('40283f824d840865014d840903680084',NULL,'40283f824d840865014d840901da0023','40283f824d840865014d8409024b0042'),('40283f824d840865014d8409036a0085',NULL,'40283f824d840865014d840901da0023','40283f824d840865014d8409024e0043'),('40283f824d840865014d8409036d0086',NULL,'40283f824d840865014d840901de0024','40283f824d840865014d8409024b0042'),('40283f824d840865014d8409036f0087',NULL,'40283f824d840865014d840901de0024','40283f824d840865014d8409024e0043'),('40283f824d840865014d840903720088',NULL,'40283f824d840865014d840901e20025','40283f824d840865014d8409024b0042'),('40283f824d840865014d840903740089',NULL,'40283f824d840865014d840901e20025','40283f824d840865014d8409024e0043'),('40283f824d840865014d84090377008a',NULL,'40283f824d840865014d840901e50026','40283f824d840865014d8409024b0042'),('40283f824d840865014d84090379008b',NULL,'40283f824d840865014d840901e50026','40283f824d840865014d8409024e0043'),('40283f824d840865014d8409037b008c',NULL,'40283f824d840865014d840901e70027','40283f824d840865014d8409024b0042'),('40283f824d840865014d8409037d008d',NULL,'40283f824d840865014d840901e70027','40283f824d840865014d8409024e0043'),('40283f824d840865014d8409037f008e',NULL,'40283f824d840865014d840901eb0028','40283f824d840865014d8409024b0042'),('40283f824d840865014d84090380008f',NULL,'40283f824d840865014d840901eb0028','40283f824d840865014d8409024e0043'),('40283f824d840865014d840903820090',NULL,'40283f824d840865014d840901f00029','40283f824d840865014d8409024b0042'),('40283f824d840865014d840903830091',NULL,'40283f824d840865014d840901f00029','40283f824d840865014d8409024e0043'),('40283f824d840865014d840903850092',NULL,'40283f824d840865014d840901f5002a','40283f824d840865014d8409024b0042'),('40283f824d840865014d840903870093',NULL,'40283f824d840865014d840901f5002a','40283f824d840865014d8409024e0043'),('40283f824d840865014d840903880094','add,szqm,','40283f824d840865014d840901f9002b','40283f824d840865014d8409024b0042'),('40283f824d840865014d8409038a0095',NULL,'40283f824d840865014d840901f9002b','40283f824d840865014d8409024e0043'),('40283f824d840865014d8409038b0096',NULL,'40283f824d840865014d840901fe002c','40283f824d840865014d8409024b0042'),('40283f824d840865014d8409038d0097',NULL,'40283f824d840865014d840901fe002c','40283f824d840865014d8409024e0043'),('40283f824d840865014d8409038e0098',NULL,'40283f824d840865014d84090201002d','40283f824d840865014d8409024b0042'),('40283f824d840865014d840903900099',NULL,'40283f824d840865014d84090201002d','40283f824d840865014d8409024e0043'),('40283f824d840865014d84090391009a',NULL,'40283f824d840865014d84090206002e','40283f824d840865014d8409024b0042'),('40283f824d840865014d84090393009b',NULL,'40283f824d840865014d84090206002e','40283f824d840865014d8409024e0043'),('40283f824d840865014d84090394009c',NULL,'40283f824d840865014d8409020a002f','40283f824d840865014d8409024b0042'),('40283f824d840865014d84090396009d',NULL,'40283f824d840865014d8409020a002f','40283f824d840865014d8409024e0043'),('40283f824d840865014d84090398009e',NULL,'40283f824d840865014d8409020d0030','40283f824d840865014d8409024b0042'),('40283f824d840865014d84090399009f',NULL,'40283f824d840865014d8409020d0030','40283f824d840865014d8409024e0043'),('40283f824d840865014d8409039b00a0',NULL,'40283f824d840865014d840902120031','40283f824d840865014d8409024b0042'),('40283f824d840865014d8409039c00a1',NULL,'40283f824d840865014d840902120031','40283f824d840865014d8409024e0043'),('40283f824d840865014d8409039e00a2',NULL,'40283f824d840865014d840902160032','40283f824d840865014d8409024b0042'),('40283f824d840865014d8409039f00a3',NULL,'40283f824d840865014d840902160032','40283f824d840865014d8409024e0043'),('40283f824d840865014d840903a100a4',NULL,'40283f824d840865014d8409021a0033','40283f824d840865014d8409024b0042'),('40283f824d840865014d840903a300a5',NULL,'40283f824d840865014d8409021a0033','40283f824d840865014d8409024e0043'),('40283f824d840865014d840903a400a6',NULL,'40283f824d840865014d8409021d0034','40283f824d840865014d8409024b0042'),('40283f824d840865014d840903a600a7',NULL,'40283f824d840865014d8409021d0034','40283f824d840865014d8409024e0043'),('40283f824d840865014d840903a800a8',NULL,'40283f824d840865014d840902200035','40283f824d840865014d8409024b0042'),('40283f824d840865014d840903a900a9',NULL,'40283f824d840865014d840902200035','40283f824d840865014d8409024e0043'),('40283f824d840865014d840903ad00aa',NULL,'40283f824d840865014d840902240036','40283f824d840865014d8409024b0042'),('40283f824d840865014d840903ae00ab',NULL,'40283f824d840865014d840902240036','40283f824d840865014d8409024e0043'),('40283f824d840865014d840903b000ac',NULL,'40283f824d840865014d8409022a0037','40283f824d840865014d8409024b0042'),('40283f824d840865014d840903b100ad',NULL,'40283f824d840865014d8409022a0037','40283f824d840865014d8409024e0043'),('40283f824d840865014d840903b300ae',NULL,'40283f824d840865014d8409022f0038','40283f824d840865014d8409024b0042'),('40283f824d840865014d840903b500af',NULL,'40283f824d840865014d8409022f0038','40283f824d840865014d8409024e0043'),('40283f824d840865014d840903b600b0',NULL,'40283f824d840865014d840902320039','40283f824d840865014d8409024b0042'),('40283f824d840865014d840903b800b1',NULL,'40283f824d840865014d840902320039','40283f824d840865014d8409024e0043'),('40283f824d840865014d840903ba00b2',NULL,'40283f824d840865014d84090234003a','40283f824d840865014d8409024b0042'),('40283f824d840865014d840903bb00b3',NULL,'40283f824d840865014d84090234003a','40283f824d840865014d8409024e0043'),('40283f824d840865014d840903bd00b4',NULL,'40283f824d840865014d84090237003b','40283f824d840865014d8409024b0042'),('40283f824d840865014d840903be00b5',NULL,'40283f824d840865014d84090237003b','40283f824d840865014d8409024e0043'),('40283f824d840865014d840903c000b6',NULL,'40283f824d840865014d8409023b003c','40283f824d840865014d8409024b0042'),('40283f824d840865014d840903c100b7',NULL,'40283f824d840865014d8409023b003c','40283f824d840865014d8409024e0043'),('40283f824d840865014d840903c300b8',NULL,'40283f824d840865014d8409023e003d','40283f824d840865014d8409024b0042'),('40283f824d840865014d840903c400b9',NULL,'40283f824d840865014d8409023e003d','40283f824d840865014d8409024e0043'),('40283f824d840865014d840903c600ba',NULL,'40283f824d840865014d84090240003e','40283f824d840865014d8409024b0042'),('40283f824d840865014d840903c700bb',NULL,'40283f824d840865014d84090240003e','40283f824d840865014d8409024e0043'),('40283f824d840865014d840903ca00bc',NULL,'40283f824d840865014d84090243003f','40283f824d840865014d8409024b0042'),('40283f824d840865014d840903cd00bd',NULL,'40283f824d840865014d84090243003f','40283f824d840865014d8409024e0043'),('40283f824d840865014d840903cf00be',NULL,'40283f824d840865014d840902450040','40283f824d840865014d8409024b0042'),('40283f824d840865014d840903d200bf',NULL,'40283f824d840865014d840902450040','40283f824d840865014d8409024e0043'),('40283f824d840865014d840903d400c0',NULL,'40283f824d840865014d840902480041','40283f824d840865014d8409024b0042'),('40283f824d840865014d840903d500c1',NULL,'40283f824d840865014d840902480041','40283f824d840865014d8409024e0043'),('8a22800a4d9a4243014d9a6ef03d000a',NULL,'8a22800a4d9a4243014d9a43e54a0001','40283f824d840865014d8409024b0042'),('8a2380e34d9ae790014d9b00eb6c001c',NULL,'40283f824d840865014d840901c40019','8a2380e34d9ae790014d9b000fdf0018'),('8a2380e34d9ae790014d9b00eb6f001d',NULL,'40283f824d840865014d840901d80022','8a2380e34d9ae790014d9b000fdf0018'),('8a2380e34d9ae790014d9b00eb6f001e',NULL,'40283f824d840865014d840901d30020','8a2380e34d9ae790014d9b000fdf0018'),('8a2380e34d9ae790014d9b00eb70001f',NULL,'40283f824d840865014d840901d0001f','8a2380e34d9ae790014d9b000fdf0018'),('8a2380e34d9ae790014d9b00eb700020',NULL,'40283f824d840865014d840901ce001e','8a2380e34d9ae790014d9b000fdf0018'),('8a2380e34d9ae790014d9b00eb700022',NULL,'40283f824d840865014d840901cc001d','8a2380e34d9ae790014d9b000fdf0018'),('8a2380e34d9ae790014d9b0131950023',NULL,'40283f824d840865014d840901eb0028','8a2380e34d9ae790014d9aff5b240016'),('8a2380e34d9ae790014d9b0131970024',NULL,'40283f824d840865014d840901f00029','8a2380e34d9ae790014d9aff5b240016'),('8a2380e34d9ae790014d9b0131970025',NULL,'40283f824d840865014d840901c9001c','8a2380e34d9ae790014d9aff5b240016'),('8a2380e34d9ae790014d9b0131970026',NULL,'40283f824d840865014d840901e70027','8a2380e34d9ae790014d9aff5b240016'),('8a8a8b9e4da71455014da716e1200003',NULL,'ff8080814da47468014da47dd0f6000b','40283f824d840865014d8409024b0042'),('8a8a8b9e4da71455014da716e1200004',NULL,'ff8080814da47468014da47c88fa0005','40283f824d840865014d8409024b0042'),('8a8a8b9e4da71455014da716e1200005',NULL,'ff8080814da47468014da47d860f0009','40283f824d840865014d8409024b0042'),('8a8a8b9e4da74da1014da7756bae003e',NULL,'8a8a8b9e4da74da1014da76d5de70033','8a2380e34d9ae790014d9b000fdf0018'),('8a8a8b9e4da74da1014da7756bb0003f',NULL,'8a8a8b9e4da74da1014da76a67c80028','8a2380e34d9ae790014d9b000fdf0018'),('8a8a8b9e4da74da1014da7756bb00040',NULL,'8a8a8b9e4da74da1014da76dbce10035','8a2380e34d9ae790014d9b000fdf0018'),('8a8a8b9e4da74da1014da7756bb00041',NULL,'8a8a8b9e4da74da1014da76b3812002c','8a2380e34d9ae790014d9b000fdf0018'),('8a8a8b9e4da74da1014da7756bb00043',NULL,'8a8a8b9e4da74da1014da76e8d810039','8a2380e34d9ae790014d9b000fdf0018'),('8a8a8b9e4da74da1014da7756bb00044',NULL,'8a8a8b9e4da74da1014da76859610021','8a2380e34d9ae790014d9b000fdf0018'),('8a8a8b9e4da74da1014da7756bb00045',NULL,'8a8a8b9e4da74da1014da76d21390031','8a2380e34d9ae790014d9b000fdf0018'),('8a8a8b9e4da74da1014da7756bb00046',NULL,'8a8a8b9e4da74da1014da76e16480037','8a2380e34d9ae790014d9b000fdf0018'),('8a8a8b9e4da74da1014da7756bb00047',NULL,'40283f824d840865014d840901c9001c','8a2380e34d9ae790014d9b000fdf0018'),('8a8a8b9e4da74da1014da7756bb00048',NULL,'8a8a8b9e4da74da1014da76acb93002a','8a2380e34d9ae790014d9b000fdf0018'),('8a8a8b9e4da74da1014da7756bb00049',NULL,'8a8a8b9e4da74da1014da76ec4ec003b','8a2380e34d9ae790014d9b000fdf0018'),('8a8a8b9e4da74da1014da7756bb0004a',NULL,'40283f824d840865014d840901eb0028','8a2380e34d9ae790014d9b000fdf0018'),('8a8a8b9e4dc2edd2014dc2ee9cf60001',NULL,'8a8a8b9e4dc28db6014dc2e50d020012','40283f824d840865014d8409024b0042'),('8a8a8b9e4dc2edd2014dc2eec31c0002',NULL,'8a8a8b9e4dc28db6014dc2e50d020012','8a2380e34d9ae790014d9b000fdf0018'),('ff8080814da47468014da47e3047000d',NULL,'ff8080814da47468014da47dd0f6000b','8a2380e34d9ae790014d9b000fdf0018'),('ff8080814da47468014da47e3057000e',NULL,'ff8080814da47468014da47c88fa0005','8a2380e34d9ae790014d9b000fdf0018'),('ff8080814da47468014da47e3057000f',NULL,'ff8080814da47468014da47d860f0009','8a2380e34d9ae790014d9b000fdf0018'),('ff8080814dafb920014dafb9f7de0001',NULL,'8a8a8b9e4da74da1014da76d5de70033','40283f824d840865014d8409024b0042'),('ff8080814dafb920014dafb9f7df0002',NULL,'8a8a8b9e4da74da1014da76dbce10035','40283f824d840865014d8409024b0042'),('ff8080814dafb920014dafb9f7df0003',NULL,'8a8a8b9e4da74da1014da76e8d810039','40283f824d840865014d8409024b0042'),('ff8080814dafb920014dafb9f7df0004',NULL,'8a8a8b9e4da74da1014da76acb93002a','40283f824d840865014d8409024b0042'),('ff8080814dafb920014dafb9f7df0005',NULL,'8a8a8b9e4da74da1014da76a67c80028','40283f824d840865014d8409024b0042'),('ff8080814dafb920014dafb9f7df0006',NULL,'8a8a8b9e4da74da1014da76d21390031','40283f824d840865014d8409024b0042'),('ff8080814dafb920014dafb9f7df0007',NULL,'8a8a8b9e4da74da1014da76b3812002c','40283f824d840865014d8409024b0042'),('ff8080814dafb920014dafb9f7df0009',NULL,'8a8a8b9e4da74da1014da76e16480037','40283f824d840865014d8409024b0042'),('ff8080814dafb920014dafb9f7df000a',NULL,'8a8a8b9e4da74da1014da76859610021','40283f824d840865014d8409024b0042'),('ff8080814dafb920014dafb9f7df000b',NULL,'8a8a8b9e4da74da1014da76ec4ec003b','40283f824d840865014d8409024b0042'),('ff8080814dd88629014dd888b33f0004',NULL,'ff8080814dd88629014dd887aad70001','40283f824d840865014d8409024b0042'),('ff8080814dd88629014dd888d85d0005',NULL,'ff8080814dd88629014dd887aad70001','8a2380e34d9ae790014d9b000fdf0018');

#
# Structure for table "t_s_role_org"
#

DROP TABLE IF EXISTS `t_s_role_org`;
CREATE TABLE `t_s_role_org` (
  `ID` varchar(32) NOT NULL,
  `org_id` varchar(32) DEFAULT NULL,
  `role_id` varchar(32) DEFAULT NULL,
  PRIMARY KEY (`ID`)
) ENGINE=InnoDB DEFAULT CHARSET=utf8;

#
# Data for table "t_s_role_org"
#


#
# Structure for table "t_s_sms"
#

DROP TABLE IF EXISTS `t_s_sms`;
CREATE TABLE `t_s_sms` (
  `ID` varchar(36) NOT NULL,
  `CREATE_BY` varchar(50) DEFAULT NULL,
  `CREATE_DATE` datetime DEFAULT NULL,
  `CREATE_NAME` varchar(50) DEFAULT NULL,
  `ES_CONTENT` longtext,
  `ES_RECEIVER` varchar(50) DEFAULT NULL,
  `ES_SENDER` varchar(50) DEFAULT NULL,
  `ES_SENDTIME` datetime DEFAULT NULL,
  `ES_STATUS` varchar(1) DEFAULT NULL,
  `ES_TITLE` varchar(32) DEFAULT NULL,
  `ES_TYPE` varchar(1) DEFAULT NULL,
  `UPDATE_BY` varchar(50) DEFAULT NULL,
  `UPDATE_DATE` datetime DEFAULT NULL,
  `UPDATE_NAME` varchar(50) DEFAULT NULL,
  PRIMARY KEY (`ID`)
) ENGINE=InnoDB DEFAULT CHARSET=utf8;

#
# Data for table "t_s_sms"
#


#
# Structure for table "t_s_sms_sql"
#

DROP TABLE IF EXISTS `t_s_sms_sql`;
CREATE TABLE `t_s_sms_sql` (
  `ID` varchar(36) NOT NULL,
  `CREATE_BY` varchar(50) DEFAULT NULL,
  `CREATE_DATE` datetime DEFAULT NULL,
  `CREATE_NAME` varchar(50) DEFAULT NULL,
  `SQL_CONTENT` longtext,
  `SQL_NAME` varchar(32) DEFAULT NULL,
  `UPDATE_BY` varchar(50) DEFAULT NULL,
  `UPDATE_DATE` datetime DEFAULT NULL,
  `UPDATE_NAME` varchar(50) DEFAULT NULL,
  PRIMARY KEY (`ID`)
) ENGINE=InnoDB DEFAULT CHARSET=utf8;

#
# Data for table "t_s_sms_sql"
#


#
# Structure for table "t_s_sms_template"
#

DROP TABLE IF EXISTS `t_s_sms_template`;
CREATE TABLE `t_s_sms_template` (
  `ID` varchar(36) NOT NULL,
  `CREATE_BY` varchar(50) DEFAULT NULL,
  `CREATE_DATE` datetime DEFAULT NULL,
  `CREATE_NAME` varchar(50) DEFAULT NULL,
  `TEMPLATE_CONTENT` longtext,
  `TEMPLATE_NAME` varchar(50) DEFAULT NULL,
  `TEMPLATE_TYPE` varchar(1) DEFAULT NULL,
  `UPDATE_BY` varchar(50) DEFAULT NULL,
  `UPDATE_DATE` datetime DEFAULT NULL,
  `UPDATE_NAME` varchar(50) DEFAULT NULL,
  PRIMARY KEY (`ID`)
) ENGINE=InnoDB DEFAULT CHARSET=utf8;

#
# Data for table "t_s_sms_template"
#


#
# Structure for table "t_s_sms_template_sql"
#

DROP TABLE IF EXISTS `t_s_sms_template_sql`;
CREATE TABLE `t_s_sms_template_sql` (
  `ID` varchar(36) NOT NULL,
  `CODE` varchar(32) DEFAULT NULL,
  `CREATE_BY` varchar(50) DEFAULT NULL,
  `CREATE_DATE` datetime DEFAULT NULL,
  `CREATE_NAME` varchar(50) DEFAULT NULL,
  `NAME` varchar(32) DEFAULT NULL,
  `SQL_ID` varchar(32) DEFAULT NULL,
  `TEMPLATE_ID` varchar(32) DEFAULT NULL,
  `UPDATE_BY` varchar(50) DEFAULT NULL,
  `UPDATE_DATE` datetime DEFAULT NULL,
  `UPDATE_NAME` varchar(50) DEFAULT NULL,
  PRIMARY KEY (`ID`)
) ENGINE=InnoDB DEFAULT CHARSET=utf8;

#
# Data for table "t_s_sms_template_sql"
#


#
# Structure for table "t_s_student"
#

DROP TABLE IF EXISTS `t_s_student`;
CREATE TABLE `t_s_student` (
  `ID` varchar(32) NOT NULL,
  `classname` varchar(255) DEFAULT NULL,
  `name` varchar(255) DEFAULT NULL,
  `sex` varchar(255) DEFAULT NULL,
  PRIMARY KEY (`ID`)
) ENGINE=InnoDB DEFAULT CHARSET=utf8;

#
# Data for table "t_s_student"
#

INSERT INTO `t_s_student` VALUES ('40283f824d840865014d840906590168','1班','张三','f'),('40283f824d840865014d8409065a0169','1班','李四','f'),('40283f824d840865014d8409065b016a','1班','王五','m'),('40283f824d840865014d8409065b016b','1班','赵六','f'),('40283f824d840865014d8409065c016c','2班','张三','f'),('40283f824d840865014d8409065d016d','2班','李四','f'),('40283f824d840865014d8409065f016e','2班','王五','m'),('40283f824d840865014d84090660016f','2班','赵六','f'),('40283f824d840865014d840906620170','3班','张三','f'),('40283f824d840865014d840906630171','3班','李四','f'),('40283f824d840865014d840906660172','3班','王五','m'),('40283f824d840865014d840906690173','3班','李四','f'),('40283f824d840865014d8409066c0174','3班','王五','m'),('40283f824d840865014d8409066c0175','3班','赵六','f'),('40283f824d840865014d8409066d0176','4班','张三','f'),('40283f824d840865014d8409066d0177','4班','李四','f'),('40283f824d840865014d8409066e0178','4班','王五','m'),('40283f824d840865014d8409066f0179','4班','赵六','f'),('40283f824d840865014d8409066f017a','5班','张三','m'),('40283f824d840865014d84090670017b','5班','李四','f'),('40283f824d840865014d84090670017c','5班','王五','m'),('40283f824d840865014d84090671017d','5班','赵六','m'),('40283f824d840865014d84090672017e','5班','赵六','m'),('40283f824d840865014d84090672017f','5班','李四','f'),('40283f824d840865014d840906730180','5班','王五','m'),('40283f824d840865014d840906740181','5班','赵六','m'),('40283f824d840865014d840906740182','5班','赵六','m');

#
# Structure for table "t_s_territory"
#

DROP TABLE IF EXISTS `t_s_territory`;
CREATE TABLE `t_s_territory` (
  `ID` varchar(32) NOT NULL,
  `territorycode` varchar(10) NOT NULL,
  `territorylevel` smallint(6) NOT NULL,
  `territoryname` varchar(50) NOT NULL,
  `territory_pinyin` varchar(40) DEFAULT NULL,
  `territorysort` varchar(3) NOT NULL,
  `x_wgs84` double NOT NULL,
  `y_wgs84` double NOT NULL,
  `territoryparentid` varchar(32) DEFAULT NULL,
  PRIMARY KEY (`ID`)
) ENGINE=InnoDB DEFAULT CHARSET=utf8;

#
# Data for table "t_s_territory"
#

INSERT INTO `t_s_territory` VALUES ('1','100',1,'全国','qg','0',106.258754,38.471318,'0'),('10','00000016',2,'河南省','HNS','0',113.687228,34.76819,'1'),('100','371300',3,'临沂市','LYS','0',118.356448,35.104672,'18'),('1000','370903',4,'岱岳区','DYQ','0',117.041582,36.18799,'96'),('1001','370921',4,'宁阳县','NYX','0',116.805797,35.758787,'96'),('1002','370923',4,'东平县','DPX','0',116.470304,35.937102,'96'),('1003','370982',4,'新泰市','XTS','0',117.767953,35.909032,'96'),('1004','370983',4,'肥城市','FCS','0',116.768358,36.182571,'96'),('1005','371002',4,'环翠区','HCQ','0',122.123444,37.501991,'97'),('1006','371081',4,'文登市','WDS','0',122.058128,37.1939129,'97'),('1007','371082',4,'荣成市','RCS','0',122.486676,37.165249,'97'),('1008','371083',4,'乳山市','RSS','0',121.539764,36.919816,'97'),('1009','371102',4,'东港区','DGQ','0',119.462228,35.425475,'98'),('101','371400',3,'德州市','DZS','0',116.357465,37.434093,'18'),('1010','371103',4,'岚山区','LSQ','0',119.318813,35.121816,'98'),('1011','371121',4,'五莲县','WLX','0',119.208744,35.750095,'98'),('1012','371122',4,'莒县','JX','0',118.837131,35.579868,'98'),('1013','371202',4,'莱城区','LCQ','0',117.659864,36.203208,'99'),('1014','371203',4,'钢城区','GCQ','0',117.811355,36.058572,'99'),('1015','371302',4,'兰山区','LSQ','0',118.347707,35.051729,'100'),('1016','371311',4,'罗庄区','LZQ','0',118.284786,34.996741,'100'),('1017','371312',4,'河东区','HDQ','0',118.402893,35.089917,'100'),('1018','371321',4,'沂南县','YNX','0',118.465213,35.549976,'100'),('1019','371322',4,'郯城县','TCX','0',118.367263,34.613557,'100'),('102','371500',3,'聊城市','LCS','0',115.985371,36.4567039,'18'),('1020','371323',4,'沂水县','YSX','0',118.627918,35.79045,'100'),('1021','371324',4,'苍山县','CSX','0',118.07065,34.857149,'100'),('1022','371325',4,'费县','FX','0',117.977868,35.26634,'100'),('1023','371326',4,'平邑县','PYX','0',117.640352,35.5059429,'100'),('1024','371327',4,'莒南县','JNX','0',118.835163,35.174846,'100'),('1025','371328',4,'蒙阴县','MYX','0',117.945085,35.710032,'100'),('1026','371329',4,'临沭县','LSX','0',118.650782,34.919852,'100'),('1027','371402',4,'德城区','DCQ','0',116.299434,37.451272,'101'),('1028','371421',4,'陵县','LX','0',116.576176,37.33579,'101'),('1029','371422',4,'宁津县','NJX','0',116.800324,37.652329,'101'),('103','371600',3,'滨州市','BZS','0',117.970703,37.38199,'18'),('1030','371423',4,'庆云县','QYX','0',117.385123,37.77539,'101'),('1031','371424',4,'临邑县','LYX','0',116.86665,37.189864,'101'),('1032','371425',4,'齐河县','QHX','0',116.758917,36.795011,'101'),('1033','371426',4,'平原县','PYX','0',116.434187,37.165419,'101'),('1034','371427',4,'夏津县','XJX','0',116.001726,36.948371,'101'),('1035','371428',4,'武城县','WCX','0',116.069302,37.213311,'101'),('1036','371481',4,'乐陵市','LLS','0',117.231935,37.729907,'101'),('1037','371482',4,'禹城市','YCS','0',116.638387,36.934259,'101'),('1038','371502',4,'东昌府区','DCFQ','0',115.988484,36.434697,'102'),('1039','371521',4,'阳谷县','YGX','0',115.79182,36.114392,'102'),('104','371700',3,'菏泽市','HZS','0',115.480656,35.23375,'18'),('1040','371522',4,'莘县','SX','0',115.671191,36.233599,'102'),('1041','371523',4,'茌平县','CPX','0',116.255282,36.5807639,'102'),('1042','371524',4,'东阿县','DAX','0',116.24758,36.334917,'102'),('1043','371525',4,'冠县','GX','0',115.44274,36.484009,'102'),('1044','371526',4,'高唐县','GTX','0',116.231478,36.866062,'102'),('1045','371581',4,'临清市','LQS','0',115.704881,36.838277,'102'),('1046','371602',4,'滨城区','BCQ','0',118.019146,37.43206,'103'),('1047','371621',4,'惠民县','HMX','0',117.510451,37.489769,'103'),('1048','371622',4,'阳信县','YXX','0',117.578262,37.641106,'103'),('1049','371623',4,'无棣县','WDX','0',117.625696,37.770261,'103'),('1050','371624',4,'沾化县','ZHX','0',118.132199,37.698281,'103'),('1051','371625',4,'博兴县','BXX','0',118.131815,37.150226,'103'),('1052','371626',4,'邹平县','ZPX','0',117.743109,36.862989,'103'),('1053','371702',4,'牡丹区','MDQ','0',115.417827,35.252512,'104'),('1054','371721',4,'曹县','CX','0',115.542328,34.825508,'104'),('1055','371722',4,'单县','DX','0',116.107428,34.778808,'104'),('1056','371723',4,'成武县','CWX','0',115.889765,34.952459,'104'),('1057','371724',4,'巨野县','JYX','0',116.094674,35.396261,'104'),('1058','371725',4,'郓城县','YCX','0',115.943613,35.599758,'104'),('1059','371726',4,'鄄城县','JCX','0',115.510193,35.563408,'104'),('1060','371727',4,'定陶县','DTX','0',115.573094,35.071,'104'),('1061','371728',4,'东明县','DMX','0',115.089905,35.289368,'104'),('11','00000008',2,'黑龙江省','HLJS','0',126.662507,45.7421699,'1'),('12','20000000',2,'上海市','SHS','0',121.473704,31.230393,'1'),('13','00000010',2,'江苏省','JSS','0',118.763232,32.061707,'1'),('14','00000011',2,'浙江省','ZJS','0',120.153676,30.26586,'1'),('15','00000012',2,'安徽省','AHS','0',117.284923,31.861184,'1'),('16','00000013',2,'福建省','FJS','0',119.296506,26.099933,'1'),('17','00000014',2,'江西省','JXS','0',115.909175,28.674424,'1'),('1739','360102',4,'东湖区','DHQ','0',115.89901,28.6849159,'184'),('1740','360103',4,'西湖区','XHQ','0',115.877287,28.656887,'184'),('1741','360104',4,'青云谱区','QYPQ','0',115.925749,28.621169,'184'),('1742','360105',4,'湾里区','WLQ','0',115.730994,28.714869,'184'),('1743','360111',4,'青山湖区','QSHQ','0',115.962144,28.682985,'184'),('1744','360121',4,'南昌县','NCX','0',115.944162,28.545459,'184'),('1745','360122',4,'新建县','XJX','0',115.815233,28.692437,'184'),('1746','360123',4,'安义县','AYX','0',115.549199,28.844429,'184'),('1747','360124',4,'进贤县','JXX','0',116.240924,28.376918,'184'),('1748','360202',4,'昌江区','CJQ','0',117.183688,29.27342,'185'),('1749','360203',4,'珠山区','ZSQ','0',117.202336,29.301272,'185'),('1750','360222',4,'浮梁县','FLX','0',117.215061,29.351739,'185'),('1751','360281',4,'乐平市','LPS','0',117.129169,28.961902,'185'),('1752','360302',4,'安源区','AYQ','0',113.87073,27.615202,'186'),('1753','360313',4,'湘东区','XDQ','0',113.733059,27.640075,'186'),('1754','360321',4,'莲花县','LHX','0',113.961465,27.127669,'186'),('1755','360322',4,'上栗县','SLX','0',113.795219,27.880567,'186'),('1756','360323',4,'芦溪县','LXX','0',114.029595,27.631145,'186'),('1757','360402',4,'庐山区','LSQ','0',115.989212,29.671775,'187'),('1758','360403',4,'浔阳区','XYQ','0',115.990399,29.72746,'187'),('1759','360421',4,'九江县','JJX','0',115.911314,29.608456,'187'),('1760','360423',4,'武宁县','WNX','0',115.100579,29.256323,'187'),('1761','360424',4,'修水县','XSX','0',114.547356,29.025707,'187'),('1762','360425',4,'永修县','YXX','0',115.809111,29.021824,'187'),('1763','360426',4,'德安县','DAX','0',115.756883,29.314348,'187'),('1764','360427',4,'星子县','XZX','0',116.044893,29.448037,'187'),('1765','360428',4,'都昌县','DCX','0',116.204099,29.273194,'187'),('1766','360429',4,'湖口县','HKX','0',116.220266,29.73944,'187'),('1767','360430',4,'彭泽县','PZX','0',116.549359,29.896061,'187'),('1768','360481',4,'瑞昌市','RCS','0',115.681504,29.673795,'187'),('1769','360499',4,'共青城','GQC','0',115.774,29.2417,'187'),('1770','360502',4,'渝水区','YSQ','0',114.944574,27.80038,'188'),('1771','360521',4,'分宜县','FYX','0',114.692039,27.814628,'188'),('1772','360602',4,'月湖区','YHQ','0',117.036676,28.238797,'189'),('1773','360622',4,'余江县','YJX','0',116.818871,28.204174,'189'),('1774','360681',4,'贵溪市','GXS','0',117.245497,28.292519,'189'),('1775','360702',4,'章贡区','ZGQ','0',114.941826,25.862827,'190'),('1776','360721',4,'赣县','GX','0',115.011561,25.860691,'190'),('1777','360722',4,'信丰县','XFX','0',114.922963,25.386278,'190'),('1778','360723',4,'大余县','DYX','0',114.362094,25.401283,'190'),('1779','360724',4,'上犹县','SYX','0',114.551371,25.784978,'190'),('1780','360725',4,'崇义县','CYX','0',114.308273,25.681879,'190'),('1781','360726',4,'安远县','AYX','0',115.393922,25.136925,'190'),('1782','360727',4,'龙南县','LNX','0',114.789811,24.911107,'190'),('1783','360728',4,'定南县','DNX','0',115.027845,24.78441,'190'),('1784','360729',4,'全南县','QNX','0',114.530125,24.742401,'190'),('1785','360730',4,'宁都县','NDX','0',116.009472,26.470116,'190'),('1786','360731',4,'于都县','YDX','0',115.41551,25.952066,'190'),('1787','360732',4,'兴国县','XGX','0',115.36319,26.337937,'190'),('1788','360733',4,'会昌县','HCX','0',115.786057,25.600272,'190'),('1789','360734',4,'寻乌县','YWX','0',115.646525,24.963322,'190'),('1790','360735',4,'石城县','SCX','0',116.354201,26.32686,'190'),('1791','360781',4,'瑞金市','RJS','0',116.02713,25.885561,'190'),('1792','360782',4,'南康市','NKS','0',114.765238,25.661356,'190'),('1793','360802',4,'吉州区','JZQ','0',114.994307,27.129975,'191'),('1794','360803',4,'青原区','QYQ','0',115.01424,27.081719,'191'),('1795','360821',4,'吉安县','JAX','0',114.907659,27.040142,'191'),('1796','360822',4,'吉水县','JSX','0',115.135507,27.229632,'191'),('1797','360823',4,'峡江县','XJX','0',115.316566,27.582901,'191'),('1798','360824',4,'新干县','XGX','0',115.393043,27.740809,'191'),('1799','360825',4,'永丰县','YFX','0',115.441477,27.317869,'191'),('18','00000015',2,'山东省','SDS','0',117.020411,36.668627,'1'),('1800','360826',4,'泰和县','THX','0',114.908861,26.790231,'191'),('1801','360827',4,'遂川县','SCX','0',114.52098,26.311894,'191'),('1802','360828',4,'万安县','WAX','0',114.786256,26.458257,'191'),('1803','360829',4,'安福县','AFX','0',114.619893,27.392874,'191'),('1804','360830',4,'永新县','YXX','0',114.242675,26.945233,'191'),('1805','360881',4,'井冈山市','JGSS','0',114.289182,26.748186,'191'),('1806','360902',4,'袁州区','YZQ','0',114.424657,27.798846,'192'),('1807','360921',4,'奉新县','FXX','0',115.384904,28.700806,'192'),('1808','360922',4,'万载县','WZX','0',114.447551,28.10455,'192'),('1809','360923',4,'上高县','SGX','0',114.924494,28.232827,'192'),('1810','360924',4,'宜丰县','YFX','0',114.803542,28.393613,'192'),('1811','360925',4,'靖安县','JAX','0',115.362629,28.861475,'192'),('1812','360926',4,'铜鼓县','TGX','0',114.37098,28.520747,'192'),('1813','360981',4,'丰城市','FCS','0',115.771195,28.159325,'192'),('1814','360982',4,'樟树市','ZSS','0',115.546063,28.055796,'192'),('1815','360983',4,'高安市','GAS','0',115.375618,28.417261,'192'),('1816','361002',4,'临川区','LCQ','0',116.31136,27.934529,'193'),('1817','361021',4,'南城县','NCX','0',116.644658,27.552748,'193'),('1818','361022',4,'黎川县','LCX','0',116.907508,27.282382,'193'),('1819','361023',4,'南丰县','NFX','0',116.525725,27.218445,'193'),('1820','361024',4,'崇仁县','CRX','0',116.061164,27.764681,'193'),('1821','361025',4,'乐安县','LAX','0',115.837895,27.420441,'193'),('1822','361026',4,'宜黄县','YHX','0',116.222128,27.546146,'193'),('1823','361027',4,'金溪县','JXX','0',116.775435,27.908337,'193'),('1824','361028',4,'资溪县','ZXX','0',117.060264,27.706102,'193'),('1825','361029',4,'东乡县','DXX','0',116.590465,28.236118,'193'),('1826','361030',4,'广昌县','GCX','0',116.325757,26.837267,'193'),('1827','361102',4,'信州区','XZQ','0',117.966823,28.43121,'194'),('1828','361121',4,'上饶县','SRX','0',117.90785,28.448983,'194'),('1829','361122',4,'广丰县','GFX','0',118.19124,28.436286,'194'),('1830','361123',4,'玉山县','YSX','0',118.245124,28.682055,'194'),('1831','361124',4,'铅山县','QSX','0',117.709451,28.315217,'194'),('1832','361125',4,'横峰县','HFX','0',117.596452,28.407118,'194'),('1833','361126',4,'弋阳县','YYX','0',117.449588,28.378044,'194'),('1834','361127',4,'余干县','YGX','0',116.695647,28.702302,'194'),('1835','361128',4,'鄱阳县','PYX','0',116.699746,29.011699,'194'),('1836','361129',4,'万年县','WNX','0',117.058445,28.694582,'194'),('1837','361130',4,'婺源县','WYX','0',117.861911,29.2480249,'194'),('1838','361181',4,'德兴市','DXS','0',117.578713,28.946464,'194'),('1839','370102',4,'历下区','LXQ','0',117.07653,36.666344,'195'),('184','360100',3,'南昌市','NCS','0',115.858089,28.68316,'17'),('1840','370103',4,'市中区','SZQ','0',116.997475,36.6511749,'195'),('1841','370104',4,'槐荫区','HYQ','0',116.90113,36.651301,'195'),('1842','370105',4,'天桥区','TQQ','0',116.987492,36.678016,'195'),('1843','370112',4,'历城区','LCQ','0',117.065222,36.680171,'195'),('185','360200',3,'景德镇市','JDZS','0',117.17842,29.268836,'17'),('186','360300',3,'萍乡市','PXS','0',113.854676,27.622865,'17'),('187','360400',3,'九江市','JJS','0',116.001951,29.705103,'17'),('188','360500',3,'新余市','XYS','0',114.91741,27.817819,'17'),('189','360600',3,'鹰潭市','YTS','0',117.069202,28.260189,'17'),('19','00000017',2,'湖北省','HBS','0',114.341921,30.545861,'1'),('190','360700',3,'赣州市','GZS','0',114.935025,25.831925,'17'),('191','360800',3,'吉安市','JAS','0',114.992912,27.113039,'17'),('192','360900',3,'宜春市','YCS','0',114.416778,27.815619,'17'),('193','361000',3,'抚州市','FZS','0',116.358176,27.9492,'17'),('194','361100',3,'上饶市','SRS','0',117.943433,28.454863,'17'),('195','370100',3,'济南市','JNS','0',116.994917,36.665282,'18'),('20','00000018',2,'湖南省','HNS','0',112.98381,28.112444,'1'),('21','40000000',2,'重庆市','ZQS','0',106.551557,29.56301,'1'),('22','00000022',2,'四川省','SCS','0',104.075931,30.651652,'1'),('23','00000019',2,'广东省','GDS','0',113.266531,23.132191,'1'),('24','00000020',2,'广西壮族自治区','GXZZZZQ','0',108.327546,22.815478,'1'),('25','00000021',2,'海南省','HNS','0',110.349229,20.017378,'1'),('26','810000',2,'香港特别行政区','XGTBXZQ','0',114.109497,22.396428,'1'),('27','820000',2,'澳门特别行政区','AMTBXZQ','0',113.543873,22.198745,'1'),('28','00000023',2,'贵州省','GZS','0',106.707116,26.598026,'1'),('29','00000024',2,'云南省','YNS','0',102.709812,25.045359,'1'),('3','00000006',2,'辽宁省','LNS','0',123.42944,41.835441,'1'),('30','00000025',2,'西藏自治区','XCZZQ','0',91.1170059,29.647951,'1'),('31','00000026',2,'陕西省','SXS','0',108.954239,34.265472,'1'),('32','00000027',2,'甘肃省','GSS','0',103.826308,36.059421,'1'),('33','00000028',2,'青海省','QHS','0',101.780199,36.620901,'1'),('34','00000029',2,'宁夏回族自治区','NXHZZZQ','0',106.258754,38.471318,'1'),('35','00000030',2,'新疆维吾尔自治区','XJWWEZZQ','0',87.6278119,43.793028,'1'),('4','00000007',2,'吉林省','JLS','0',125.326065,43.896082,'1'),('5','10000000',2,'北京市','BJS','0',116.407413,39.904214,'1'),('6','30000000',2,'天津市','TJS','0',117.200983,39.084158,'1'),('7','00000003',2,'河北省','HBS','0',114.468665,38.037057,'1'),('8','00000004',2,'山西省','SXS','0',112.562569,37.873376,'1'),('89','370200',3,'青岛市','QDS','0',120.382504,36.06722,'18'),('8a2380e34d9ae790014d9afaa955000a','000001',5,'山东省农业银行',NULL,'60',0,0,'1015'),('9','00000005',2,'内蒙古自治区','NMGZZQ','0',111.765618,40.817498,'1'),('90','370300',3,'淄博市','ZBS','0',118.055007,36.813497,'18'),('91','370400',3,'枣庄市','ZZS','0',117.323725,34.810488,'18'),('92','370500',3,'东营市','DYS','0',118.674767,37.434751,'18'),('926','370113',4,'长清区','CQQ','0',116.751959,36.553691,'195'),('927','370124',4,'平阴县','PYX','0',116.456187,36.289265,'195'),('928','370125',4,'济阳县','JYX','0',117.173529,36.978547,'195'),('929','370126',4,'商河县','SHX','0',117.157183,37.309045,'195'),('93','370600',3,'烟台市','YTS','0',121.447926,37.463819,'18'),('930','370181',4,'章丘市','ZQS','0',117.534326,36.714015,'195'),('931','370202',4,'市南区','SNQ','0',120.412392,36.075651,'89'),('932','370203',4,'市北区','SBQ','0',120.374801,36.087661,'89'),('933','370205',4,'四方区','SFQ','0',120.366454,36.103993,'89'),('934','370211',4,'黄岛区','HDQ','0',120.198054,35.960935,'89'),('935','370212',4,'崂山区','LSQ','0',120.468956,36.107538,'89'),('936','370213',4,'李沧区','LCQ','0',120.432864,36.145476,'89'),('937','370214',4,'城阳区','CYQ','0',120.396529,36.307061,'89'),('938','370281',4,'胶州市','JZS','0',120.033345,36.264664,'89'),('939','370282',4,'即墨市','JMS','0',120.447162,36.389401,'89'),('94','370700',3,'潍坊市','WFS','0',119.16193,36.706691,'18'),('940','370283',4,'平度市','PDS','0',119.960014,36.7867,'89'),('941','370284',4,'胶南市','JNS','0',120.04643,35.8725,'89'),('942','370285',4,'莱西市','LXS','0',120.51769,36.889084,'89'),('943','370302',4,'淄川区','ZCQ','0',117.966842,36.643449,'90'),('944','370303',4,'张店区','ZDQ','0',118.017656,36.806773,'90'),('945','370304',4,'博山区','BSQ','0',117.861698,36.494752,'90'),('946','370305',4,'临淄区','LZQ','0',118.308977,36.827343,'90'),('947','370306',4,'周村区','ZCQ','0',117.869877,36.803109,'90'),('948','370321',4,'桓台县','HTX','0',118.097955,36.959623,'90'),('949','370322',4,'高青县','GQX','0',117.826916,37.171063,'90'),('95','370800',3,'济宁市','JNS','0',116.587099,35.414921,'18'),('950','370323',4,'沂源县','YYX','0',118.170979,36.184827,'90'),('951','370402',4,'市中区','SZQ','0',117.556124,34.864114,'91'),('952','370403',4,'薛城区','YCQ','0',117.263157,34.795206,'91'),('953','370404',4,'峄城区','YCQ','0',117.590819,34.772236,'91'),('954','370405',4,'台儿庄区','TEZQ','0',117.733832,34.562528,'91'),('955','370406',4,'山亭区','STQ','0',117.461343,35.099549,'91'),('956','370481',4,'滕州市','TZS','0',117.164388,35.084021,'91'),('957','370502',4,'东营区','DYQ','0',118.582184,37.448964,'92'),('958','370503',4,'河口区','HKQ','0',118.525579,37.886138,'92'),('959','370521',4,'垦利县','KLX','0',118.547627,37.58754,'92'),('960','370522',4,'利津县','LJX','0',118.255273,37.49026,'92'),('961','370523',4,'广饶县','GRX','0',118.407045,37.0537,'92'),('962','370602',4,'芝罘区','ZFQ','0',121.400031,37.540687,'93'),('963','370611',4,'福山区','FSQ','0',121.267697,37.498051,'93'),('964','370612',4,'牟平区','MPQ','0',121.600512,37.386901,'93'),('965','370613',4,'莱山区','LSQ','0',121.445304,37.511305,'93'),('966','370614',4,'开发区','KFQ','0',121.251001,37.554683,'93'),('967','370634',4,'长岛县','CDX','0',120.736584,37.921417,'93'),('968','370681',4,'龙口市','LKS','0',120.477836,37.646064,'93'),('969','370682',4,'莱阳市','LYS','0',120.711607,36.97891,'93'),('970','370683',4,'莱州市','LZS','0',119.942327,37.177017,'93'),('971','370684',4,'蓬莱市','PLS','0',120.758848,37.810661,'93'),('972','370685',4,'招远市','ZYS','0',120.434072,37.355469,'93'),('973','370686',4,'栖霞市','QXS','0',120.849675,37.335123,'93'),('974','370687',4,'海阳市','HYS','0',121.158477,36.776425,'93'),('975','370702',4,'潍城区','WCQ','0',119.024836,36.7281,'94'),('976','370703',4,'寒亭区','HTQ','0',119.219734,36.775491,'94'),('977','370704',4,'坊子区','FZQ','0',119.166485,36.654448,'94'),('978','370705',4,'奎文区','KWQ','0',119.132486,36.707676,'94'),('979','370724',4,'临朐县','LQX','0',118.542982,36.5125059,'94'),('980','370725',4,'昌乐县','CLX','0',118.829914,36.706945,'94'),('981','370781',4,'青州市','QZS','0',118.479622,36.684528,'94'),('982','370782',4,'诸城市','ZCS','0',119.410103,35.995654,'94'),('983','370783',4,'寿光市','SGS','0',118.790652,36.85548,'94'),('984','370784',4,'安丘市','AQS','0',119.218978,36.478494,'94'),('985','370785',4,'高密市','GMS','0',119.755597,36.3825949,'94'),('986','370786',4,'昌邑市','CYS','0',119.398525,36.85882,'94'),('987','370802',4,'市中区','SZQ','0',116.596614,35.40819,'95'),('988','370811',4,'任城区','RCQ','0',116.628562,35.433727,'95'),('989','370826',4,'微山县','WSX','0',117.128946,34.8071,'95'),('990','370827',4,'鱼台县','YTX','0',116.650608,35.012749,'95'),('991','370828',4,'金乡县','JXX','0',116.311532,35.06662,'95'),('992','370829',4,'嘉祥县','JXX','0',116.342442,35.407829,'95'),('993','370830',4,'汶上县','WSX','0',116.489043,35.732799,'95'),('994','370831',4,'泗水县','SSX','0',117.251195,35.664323,'95'),('995','370832',4,'梁山县','LSX','0',116.096044,35.802306,'95'),('996','370881',4,'曲阜市','QFS','0',116.986532,35.581137,'95'),('997','370882',4,'兖州市','YZS','0',116.783834,35.553144,'95'),('998','370883',4,'邹城市','ZCS','0',117.003743,35.405185,'95'),('999','370902',4,'泰山区','TSQ','0',117.135354,36.192084,'96');

#
# Structure for table "t_s_timetask"
#

DROP TABLE IF EXISTS `t_s_timetask`;
CREATE TABLE `t_s_timetask` (
  `ID` varchar(32) NOT NULL,
  `CREATE_BY` varchar(32) DEFAULT NULL,
  `CREATE_DATE` datetime DEFAULT NULL,
  `CREATE_NAME` varchar(32) DEFAULT NULL,
  `CRON_EXPRESSION` varchar(100) NOT NULL,
  `IS_EFFECT` varchar(1) NOT NULL,
  `IS_START` varchar(1) NOT NULL,
  `TASK_DESCRIBE` varchar(50) NOT NULL,
  `TASK_ID` varchar(100) NOT NULL,
  `UPDATE_BY` varchar(32) DEFAULT NULL,
  `UPDATE_DATE` datetime DEFAULT NULL,
  `UPDATE_NAME` varchar(32) DEFAULT NULL,
  PRIMARY KEY (`ID`)
) ENGINE=InnoDB DEFAULT CHARSET=utf8;

#
# Data for table "t_s_timetask"
#

INSERT INTO `t_s_timetask` VALUES ('40283f824d840865014d84090558015c',NULL,NULL,NULL,'0 0/1 * * * ?','0','0','测试Demo','taskDemoServiceTaskCronTrigger',NULL,NULL,NULL);

#
# Structure for table "t_s_typegroup"
#

DROP TABLE IF EXISTS `t_s_typegroup`;
CREATE TABLE `t_s_typegroup` (
  `ID` varchar(32) NOT NULL,
  `typegroupcode` varchar(50) DEFAULT NULL,
  `typegroupname` varchar(50) DEFAULT NULL,
  PRIMARY KEY (`ID`)
) ENGINE=InnoDB DEFAULT CHARSET=utf8;

#
# Data for table "t_s_typegroup"
#

INSERT INTO `t_s_typegroup` VALUES ('40283f824d840865014d8409026a0048','icontype','图标类型'),('40283f824d840865014d8409026f0049','order','订单类型'),('40283f824d840865014d84090271004a','custom','客户类型'),('40283f824d840865014d84090274004b','service','服务项目类型'),('40283f824d840865014d84090277004c','searchmode','查询模式'),('40283f824d840865014d8409027a004d','yesorno','逻辑条件'),('40283f824d840865014d8409027e004e','fieldtype','字段类型'),('40283f824d840865014d84090282004f','database','数据表'),('40283f824d840865014d840902850050','fieltype','文档分类'),('40283f824d840865014d840902880051','sex','性别类'),('8a22800a4db773d0014db7ed8d8e0004','passtype','证件类型'),('8a2380e34d9ae790014d9af823b20004','status','是否启用'),('8a455a194dcd2300014dcd2da84d0007','mainch','是否主通道'),('8a8a8b9e4da74da1014da75a63ed0007','warntype','报警类型'),('8a8a8b9e4da74da1014da75cceac0011','filestatus','文件状态'),('8a8a8b9e4da74da1014da7633e58001b','signstatus','签约状态'),('8a8a8b9e4dbd4213014dbd43f1f00001','risk','风险级别'),('8a8a8b9e4e44e824014e44f87612000f','bStatus','理财业务状态');

#
# Structure for table "t_s_type"
#

DROP TABLE IF EXISTS `t_s_type`;
CREATE TABLE `t_s_type` (
  `ID` varchar(32) NOT NULL,
  `typecode` varchar(50) DEFAULT NULL,
  `typename` varchar(50) DEFAULT NULL,
  `typepid` varchar(32) DEFAULT NULL,
  `typegroupid` varchar(32) DEFAULT NULL,
  `parentid` varchar(32) DEFAULT NULL COMMENT '父编码',
  PRIMARY KEY (`ID`),
  KEY `FK_nw2b22gy7plh7pqows186odmq` (`typepid`),
  KEY `FK_3q40mr4ebtd0cvx79matl39x1` (`typegroupid`),
  CONSTRAINT `FK_3q40mr4ebtd0cvx79matl39x1` FOREIGN KEY (`typegroupid`) REFERENCES `t_s_typegroup` (`ID`),
  CONSTRAINT `FK_nw2b22gy7plh7pqows186odmq` FOREIGN KEY (`typepid`) REFERENCES `t_s_type` (`ID`)
) ENGINE=InnoDB DEFAULT CHARSET=utf8;

#
# Data for table "t_s_type"
#

INSERT INTO `t_s_type` VALUES ('40283f824d840865014d840902a80052','2','菜单图标',NULL,'40283f824d840865014d8409026a0048',NULL),('40283f824d840865014d840902ab0053','1','系统图标',NULL,'40283f824d840865014d8409026a0048',NULL),('40283f824d840865014d840902ae0054','files','附件',NULL,'40283f824d840865014d840902850050',NULL),('40283f824d840865014d840902b10055','1','优质订单',NULL,'40283f824d840865014d8409026f0049',NULL),('40283f824d840865014d840902b40056','2','普通订单',NULL,'40283f824d840865014d8409026f0049',NULL),('40283f824d840865014d840902b80057','1','签约客户',NULL,'40283f824d840865014d84090271004a',NULL),('40283f824d840865014d840902bb0058','2','普通客户',NULL,'40283f824d840865014d84090271004a',NULL),('40283f824d840865014d840902c00059','1','特殊服务',NULL,'40283f824d840865014d84090274004b',NULL),('40283f824d840865014d840902c5005a','2','普通服务',NULL,'40283f824d840865014d84090274004b',NULL),('40283f824d840865014d840902c9005b','single','单条件查询',NULL,'40283f824d840865014d84090277004c',NULL),('40283f824d840865014d840902cc005c','group','范围查询',NULL,'40283f824d840865014d84090277004c',NULL),('40283f824d840865014d840902d0005d','Y','是',NULL,'40283f824d840865014d8409027a004d',NULL),('40283f824d840865014d840902d2005e','N','否',NULL,'40283f824d840865014d8409027a004d',NULL),('40283f824d840865014d840902d5005f','Integer','Integer',NULL,'40283f824d840865014d8409027e004e',NULL),('40283f824d840865014d840902d80060','Date','Date',NULL,'40283f824d840865014d8409027e004e',NULL),('40283f824d840865014d840902db0061','String','String',NULL,'40283f824d840865014d8409027e004e',NULL),('40283f824d840865014d840902de0062','Long','Long',NULL,'40283f824d840865014d8409027e004e',NULL),('40283f824d840865014d840902e20063','act','工作流引擎表',NULL,'40283f824d840865014d84090282004f',NULL),('40283f824d840865014d840902e60064','t_s','系统基础表',NULL,'40283f824d840865014d84090282004f',NULL),('40283f824d840865014d840902e90065','t_b','业务表',NULL,'40283f824d840865014d84090282004f',NULL),('40283f824d840865014d840902ec0066','t_p','自定义引擎表',NULL,'40283f824d840865014d84090282004f',NULL),('40283f824d840865014d840902ef0067','news','新闻',NULL,'40283f824d840865014d840902850050',NULL),('40283f824d840865014d840902f20068','0','男性',NULL,'40283f824d840865014d840902880051',NULL),('40283f824d840865014d840902f60069','1','女性',NULL,'40283f824d840865014d840902880051',NULL),('8a22800a4db773d0014db7eded410006','1','身份证',NULL,'8a22800a4db773d0014db7ed8d8e0004',NULL),('8a22800a4db773d0014db7ee353f0008','2','学生证',NULL,'8a22800a4db773d0014db7ed8d8e0004',NULL),('8a2380e34d9ae790014d9af87d000006','01','是',NULL,'8a2380e34d9ae790014d9af823b20004',NULL),('8a2380e34d9ae790014d9af8ad970008','02','否',NULL,'8a2380e34d9ae790014d9af823b20004',NULL),('8a455a194dcd2300014dcd2de0100009','0','是',NULL,'8a455a194dcd2300014dcd2da84d0007',NULL),('8a455a194dcd2300014dcd2e19bf000b','1','否',NULL,'8a455a194dcd2300014dcd2da84d0007',NULL),('8a8a8b9e4da74da1014da75ac7b90009','01','存储设备',NULL,'8a8a8b9e4da74da1014da75a63ed0007',NULL),('8a8a8b9e4da74da1014da75b04ea000b','02','采集设备',NULL,'8a8a8b9e4da74da1014da75a63ed0007',NULL),('8a8a8b9e4da74da1014da75b5286000d','03','文件',NULL,'8a8a8b9e4da74da1014da75a63ed0007',NULL),('8a8a8b9e4da74da1014da75b89bf000f','04','其他',NULL,'8a8a8b9e4da74da1014da75a63ed0007',NULL),('8a8a8b9e4da74da1014da75ed6aa0013','0','已上传',NULL,'8a8a8b9e4da74da1014da75cceac0011',NULL),('8a8a8b9e4da74da1014da75f844d0015','1','未上传',NULL,'8a8a8b9e4da74da1014da75cceac0011',NULL),('8a8a8b9e4da74da1014da75fa35f0017','2','上传中',NULL,'8a8a8b9e4da74da1014da75cceac0011',NULL),('8a8a8b9e4da74da1014da75fce090019','3','上传失败',NULL,'8a8a8b9e4da74da1014da75cceac0011',NULL),('8a8a8b9e4da74da1014da76384ef001d','0','已签约',NULL,'8a8a8b9e4da74da1014da7633e58001b',NULL),('8a8a8b9e4da74da1014da763aeac001f','1','未签约',NULL,'8a8a8b9e4da74da1014da7633e58001b',NULL),('8a8a8b9e4dbd4213014dbd4465c90003','0','高',NULL,'8a8a8b9e4dbd4213014dbd43f1f00001',NULL),('8a8a8b9e4dbd4213014dbd4486fd0005','1','中',NULL,'8a8a8b9e4dbd4213014dbd43f1f00001',NULL),('8a8a8b9e4dbd4213014dbd44c6670007','2','低',NULL,'8a8a8b9e4dbd4213014dbd43f1f00001',NULL),('8a8a8b9e4e44e824014e44f933be0011','0','已结束',NULL,'8a8a8b9e4e44e824014e44f87612000f',NULL),('8a8a8b9e4e44e824014e44f99f800013','1','未开始',NULL,'8a8a8b9e4e44e824014e44f87612000f',NULL),('8a8a8b9e4e44e824014e44fa0b710015','2','进行中',NULL,'8a8a8b9e4e44e824014e44f87612000f',NULL);

#
# Structure for table "t_s_user"
#

DROP TABLE IF EXISTS `t_s_user`;
CREATE TABLE `t_s_user` (
  `email` varchar(50) DEFAULT NULL,
  `mobilePhone` varchar(30) DEFAULT NULL,
  `officePhone` varchar(20) DEFAULT NULL,
  `signatureFile` varchar(100) DEFAULT NULL,
  `id` varchar(32) NOT NULL,
  PRIMARY KEY (`id`),
  KEY `FK_2cuji5h6yorrxgsr8ojndlmal` (`id`),
  CONSTRAINT `FK_2cuji5h6yorrxgsr8ojndlmal` FOREIGN KEY (`id`) REFERENCES `t_s_base_user` (`ID`)
) ENGINE=InnoDB DEFAULT CHARSET=utf8;

#
# Data for table "t_s_user"
#

INSERT INTO `t_s_user` VALUES ('','','','images/renfang/qm/licf.gif','40283f824d840865014d840902590044'),('jfl@163.com','13422211234','58585858',NULL,'40283f824d840865014d8409025f0045'),('','13325100518','',NULL,'8a2380e34d9ae790014d9b0397340027'),('','13325100518','',NULL,'8a2380e34d9ae790014d9b043596002a'),('','13325100518','',NULL,'8a2380e34d9ae790014d9b04bfeb002d');

#
# Structure for table "t_s_role_user"
#

DROP TABLE IF EXISTS `t_s_role_user`;
CREATE TABLE `t_s_role_user` (
  `ID` varchar(32) NOT NULL,
  `roleid` varchar(32) DEFAULT NULL,
  `userid` varchar(32) DEFAULT NULL,
  PRIMARY KEY (`ID`),
  KEY `FK_n2ucxeorvpjy7qhnmuem01kbx` (`roleid`),
  KEY `FK_d4qb5xld2pfb0bkjx9iwtolda` (`userid`),
  CONSTRAINT `FK_d4qb5xld2pfb0bkjx9iwtolda` FOREIGN KEY (`userid`) REFERENCES `t_s_user` (`id`),
  CONSTRAINT `FK_n2ucxeorvpjy7qhnmuem01kbx` FOREIGN KEY (`roleid`) REFERENCES `t_s_role` (`ID`)
) ENGINE=InnoDB DEFAULT CHARSET=utf8;

#
# Data for table "t_s_role_user"
#

INSERT INTO `t_s_role_user` VALUES ('8a2380e34d9ae790014d9b03979e0028','8a2380e34d9ae790014d9aff5b240016','8a2380e34d9ae790014d9b0397340027'),('8a2380e34d9ae790014d9b04c02a002e','8a2380e34d9ae790014d9b00825d001a','8a2380e34d9ae790014d9b04bfeb002d'),('8a8a8b9e4e28b8e2014e28bb90950001','40283f824d840865014d8409024b0042','40283f824d840865014d840902590044'),('8a8a8b9e4e28b8e2014e28bb90be0002','40283f824d840865014d8409024e0043','40283f824d840865014d840902590044'),('8a8a8b9e4e28b8e2014e28bb90d40003','8a2380e34d9ae790014d9aff5b240016','40283f824d840865014d840902590044'),('8a8a8b9e4e28b8e2014e28bb91190004','8a2380e34d9ae790014d9b000fdf0018','40283f824d840865014d840902590044'),('8a8a8b9e4e28b8e2014e28bb91450005','8a2380e34d9ae790014d9b00825d001a','40283f824d840865014d840902590044'),('8a8a8b9e4e28b8e2014e28bbb28a0007','40283f824d840865014d8409024e0043','40283f824d840865014d8409025f0045'),('ff8080814da47468014da47f6f910012','8a2380e34d9ae790014d9b000fdf0018','8a2380e34d9ae790014d9b043596002a');

#
# Structure for table "t_s_log"
#

DROP TABLE IF EXISTS `t_s_log`;
CREATE TABLE `t_s_log` (
  `ID` varchar(32) NOT NULL,
  `broswer` varchar(100) DEFAULT NULL,
  `logcontent` longtext NOT NULL,
  `loglevel` smallint(6) DEFAULT NULL,
  `note` longtext,
  `operatetime` datetime NOT NULL,
  `operatetype` smallint(6) DEFAULT NULL,
  `userid` varchar(32) DEFAULT NULL,
  PRIMARY KEY (`ID`),
  KEY `FK_oe64k4852uylhyc5a00rfwtay` (`userid`),
  CONSTRAINT `FK_oe64k4852uylhyc5a00rfwtay` FOREIGN KEY (`userid`) REFERENCES `t_s_user` (`id`)
) ENGINE=InnoDB DEFAULT CHARSET=utf8;

#
# Data for table "t_s_log"
#

INSERT INTO `t_s_log` VALUES ('297e97964da9d107014da9d1a2380000','MSIE 8.0','用户: admin[信息中心]登录成功',1,'169.254.23.22','2015-05-31 19:53:17',1,'40283f824d840865014d840902590044'),('297e97964dbe6ab6014dbe6d215d0000','MSIE 8.0','用户: admin[信息中心]登录成功',1,'169.254.23.22','2015-06-04 19:55:32',1,'40283f824d840865014d840902590044'),('297e97964dbe6ab6014dbe715a1b0002','MSIE 8.0','存储设备管理添加成功',3,'169.254.23.22','2015-06-04 20:00:09',1,'40283f824d840865014d840902590044'),('297e97964dbe6ab6014dbe75a3dd0004','MSIE 8.0','存储设备管理添加成功',3,'169.254.23.22','2015-06-04 20:04:50',1,'40283f824d840865014d840902590044'),('297e97964dbe6ab6014dbe761cfa0005','MSIE 8.0','用户admin已退出',2,'169.254.23.22','2015-06-04 20:05:21',1,'40283f824d840865014d840902590044'),('297e97964dbe6ab6014dbe764f050006','MSIE 8.0','用户: admin[信息中心]登录成功',1,'169.254.23.22','2015-06-04 20:05:34',1,'40283f824d840865014d840902590044'),('297e97964dbe6ab6014dbe770fcd0007','MSIE 8.0','存储设备管理更新成功',5,'10.197.206.238','2015-06-04 20:06:23',1,'40283f824d840865014d840902590044'),('297e97964dc3ad36014dc3ad8de20000','MSIE 8.0','用户: admin[信息中心]登录成功',1,'169.254.23.22','2015-06-05 20:24:00',1,'40283f824d840865014d840902590044'),('297e97964dc3ad36014dc3b7e7830002','MSIE 8.0','通道管理添加成功',3,'169.254.23.22','2015-06-05 20:35:19',1,'40283f824d840865014d840902590044'),('297e97964dc3ba0e014dc3ba79870000','MSIE 8.0','用户: admin[信息中心]登录成功',1,'169.254.23.22','2015-06-05 20:38:07',1,'40283f824d840865014d840902590044'),('297e97964dc3ba0e014dc3bb9a370002','MSIE 8.0','采集终端管理添加成功',3,'169.254.23.22','2015-06-05 20:39:21',1,'40283f824d840865014d840902590044'),('297e97964dc3ba0e014dc3bc410d0004','MSIE 8.0','采集终端管理添加成功',3,'169.254.23.22','2015-06-05 20:40:04',1,'40283f824d840865014d840902590044'),('297e97964dc3ba0e014dc3bff6a10006','MSIE 8.0','添加成功',3,'169.254.23.22','2015-06-05 20:44:07',1,'40283f824d840865014d840902590044'),('297e97964dc3c3a2014dc3c3e72f0000','MSIE 8.0','用户: admin[信息中心]登录成功',1,'169.254.23.22','2015-06-05 20:48:25',1,'40283f824d840865014d840902590044'),('297e97964dc3c3a2014dc3c519ad0002','MSIE 8.0','采集终端管理添加成功',3,'169.254.23.22','2015-06-05 20:49:43',1,'40283f824d840865014d840902590044'),('297e97964dc3d71c014dc3d77af90000','MSIE 8.0','用户: admin[信息中心]登录成功',1,'169.254.23.22','2015-06-05 21:09:48',1,'40283f824d840865014d840902590044'),('297e97964dc3dbd3014dc3dc2bda0000','MSIE 8.0','用户: admin[信息中心]登录成功',1,'169.254.23.22','2015-06-05 21:14:55',1,'40283f824d840865014d840902590044'),('297e97964dc3dbd3014dc3e183320003','MSIE 8.0','采集终端管理添加成功',3,'169.254.23.22','2015-06-05 21:20:45',1,'40283f824d840865014d840902590044'),('297e97964dc3dbd3014dc3e1e3f90004','MSIE 8.0','采集终端管理更新成功',5,'169.254.23.22','2015-06-05 21:21:10',1,'40283f824d840865014d840902590044'),('297e97964dc3dbd3014dc3e8dc890005','MSIE 8.0','权限: 理财室管理被更新成功',5,'169.254.23.22','2015-06-05 21:28:47',1,'40283f824d840865014d840902590044'),('297e97964dc3dbd3014dc3e97bad0007','MSIE 8.0','权限: 产品类型被添加成功',3,'169.254.23.22','2015-06-05 21:29:28',1,'40283f824d840865014d840902590044'),('297e97964dc3dbd3014dc3e9dd32000a','MSIE 8.0','用户admin已退出',2,'169.254.23.22','2015-06-05 21:29:53',1,'40283f824d840865014d840902590044'),('297e97964dc3dbd3014dc3ea178d000b','MSIE 8.0','用户: admin[信息中心]登录成功',1,'169.254.23.22','2015-06-05 21:30:08',1,'40283f824d840865014d840902590044'),('297e97964dc3dbd3014dc3ec77de000c','MSIE 8.0','用户admin已退出',2,'169.254.23.22','2015-06-05 21:32:43',1,'40283f824d840865014d840902590044'),('297e97964dc3ecfc014dc3ed60cd0000','MSIE 8.0','用户: admin[信息中心]登录成功',1,'169.254.23.22','2015-06-05 21:33:43',1,'40283f824d840865014d840902590044'),('297e97964dc3ecfc014dc3edbc150002','MSIE 8.0','产品类型添加成功',3,'169.254.23.22','2015-06-05 21:34:06',1,'40283f824d840865014d840902590044'),('297e97964dc3fdf3014dc3fe46dd0000','MSIE 8.0','用户: admin[信息中心]登录成功',1,'169.254.23.22','2015-06-05 21:52:10',1,'40283f824d840865014d840902590044'),('297e97964dc3fdf3014dc402ee050001','MSIE 8.0','权限: 组织机构被删除成功',4,'169.254.23.22','2015-06-05 21:57:15',1,'40283f824d840865014d840902590044'),('297e97964dc4057f014dc405ebe10000','MSIE 8.0','用户: admin[信息中心]登录成功',1,'169.254.23.22','2015-06-05 22:00:31',1,'40283f824d840865014d840902590044'),('297e97964dc4096b014dc40b4a3c0000','MSIE 8.0','用户: admin[信息中心]登录成功',1,'169.254.23.22','2015-06-05 22:06:23',1,'40283f824d840865014d840902590044'),('297e97964dc40ed8014dc40f4f660000','MSIE 8.0','用户: admin[信息中心]登录成功',1,'169.254.23.22','2015-06-05 22:10:47',1,'40283f824d840865014d840902590044'),('297e97964dc40ed8014dc40fe7b50002','MSIE 8.0','业务类型添加成功',3,'169.254.23.22','2015-06-05 22:11:26',1,'40283f824d840865014d840902590044'),('297e97964dc40ed8014dc415a4f30005','MSIE 8.0','产品类型添加成功',3,'169.254.23.22','2015-06-05 22:17:42',1,'40283f824d840865014d840902590044'),('297e97964dc40ed8014dc41603500006','MSIE 8.0','产品类型更新成功',5,'169.254.23.22','2015-06-05 22:18:06',1,'40283f824d840865014d840902590044'),('297e97964dc40ed8014dc41737580007','MSIE 8.0','产品类型更新成功',5,'169.254.23.22','2015-06-05 22:19:25',1,'40283f824d840865014d840902590044'),('297e97964dc40ed8014dc417db250009','MSIE 8.0','产品类型添加成功',3,'169.254.23.22','2015-06-05 22:20:07',1,'40283f824d840865014d840902590044'),('297e97964dc40ed8014dc429f2cb000b','MSIE 8.0','业务类型添加成功',3,'169.254.23.22','2015-06-05 22:39:53',1,'40283f824d840865014d840902590044'),('297e97964dcc92e4014dcc9467560000','MSIE 8.0','用户: admin[信息中心]登录成功',1,'169.254.23.22','2015-06-07 13:53:07',1,'40283f824d840865014d840902590044'),('297e97964dcd159a014dcd15d8ea0000','MSIE 8.0','用户: admin[信息中心]登录成功',1,'10.197.218.153','2015-06-07 16:14:30',1,'40283f824d840865014d840902590044'),('2c948a864dce8e7b014dce8eda3e0000','MSIE 8.0','用户: admin[信息中心]登录成功',1,'172.20.10.6','2015-06-07 23:06:18',1,'40283f824d840865014d840902590044'),('2c948a864e1bb338014e1bb3caae0000','MSIE 8.0','用户: admin[信息中心]登录成功',1,'172.20.10.6','2015-06-22 22:37:24',1,'40283f824d840865014d840902590044'),('2c948a864e1bb338014e1bb55e9c0002','MSIE 8.0','权限: 产品类型被添加成功',3,'172.20.10.6','2015-06-22 22:39:07',1,'40283f824d840865014d840902590044'),('2c948a864e1bb338014e1bb5ac3c0004','MSIE 8.0','用户admin已退出',2,'172.20.10.6','2015-06-22 22:39:27',1,'40283f824d840865014d840902590044'),('2c948a864e1bb338014e1bb5d0670005','MSIE 8.0','用户: admin[信息中心]登录成功',1,'172.20.10.6','2015-06-22 22:39:37',1,'40283f824d840865014d840902590044'),('2c948a864e1bb338014e1bb828550007','MSIE 8.0','产品类型添加成功',3,'172.20.10.6','2015-06-22 22:42:10',1,'40283f824d840865014d840902590044'),('2c948a864e1bb338014e1bb90ff60008','MSIE 8.0','产品类型更新成功',5,'172.20.10.6','2015-06-22 22:43:09',1,'40283f824d840865014d840902590044'),('2c948a864e1bf84b014e1bfdba5d0000','MSIE 8.0','用户: admin[信息中心]登录成功',1,'172.20.10.6','2015-06-22 23:58:10',1,'40283f824d840865014d840902590044'),('2c948a864e1bf84b014e1bfdefbb0001','MSIE 8.0','用户admin已退出',2,'172.20.10.6','2015-06-22 23:58:23',1,'40283f824d840865014d840902590044'),('2c948a864e1bf84b014e1bfe28830002','MSIE 8.0','用户: hu[济南市银行]登录成功',1,'172.20.10.6','2015-06-22 23:58:38',1,'8a2380e34d9ae790014d9b043596002a'),('2c948a864e1bf84b014e1c04723b0003','MSIE 8.0','用户: admin[信息中心]登录成功',1,'172.20.10.6','2015-06-23 00:05:30',1,'40283f824d840865014d840902590044'),('2c948a864e1bf84b014e1c05ad160004','MSIE 8.0','用户admin已退出',2,'172.20.10.6','2015-06-23 00:06:50',1,'40283f824d840865014d840902590044'),('2c948a864e1bf84b014e1c05e7c50005','MSIE 8.0','用户: hu[济南市银行]登录成功',1,'172.20.10.6','2015-06-23 00:07:05',1,'8a2380e34d9ae790014d9b043596002a'),('2c948a864e1ec88c014e1ec921870000','MSIE 8.0','用户: admin[信息中心]登录成功',1,'172.20.10.6','2015-06-23 12:59:34',1,'40283f824d840865014d840902590044'),('2c948a864e1ec88c014e1ec9d6890001','Chrome','用户: admin[信息中心]登录成功',1,'172.20.10.6','2015-06-23 13:00:21',1,'40283f824d840865014d840902590044'),('2c948a864e1ec88c014e1ed419530002','Chrome','用户: admin[信息中心]登录成功',1,'172.20.10.6','2015-06-23 13:11:33',1,'40283f824d840865014d840902590044'),('40283f814e34704e014e3471074f0000','MSIE 9.0','用户: admin[山东省农业银行]登录成功',1,'192.168.191.1','2015-06-27 17:54:59',1,'40283f824d840865014d840902590044'),('40283f814e37ae53014e37af0eeb0000','MSIE 9.0','用户: admin[山东省农业银行]登录成功',1,'192.168.191.1','2015-06-28 09:01:36',1,'40283f824d840865014d840902590044'),('40283f814e37ae53014e37b09d850001','MSIE 9.0','用户: admin[山东省农业银行]登录成功',1,'192.168.191.1','2015-06-28 09:03:18',1,'40283f824d840865014d840902590044'),('40283f814e37ae53014e37bc29890003','MSIE 9.0','业务类型: fgs被添加成功',3,'192.168.191.1','2015-06-28 09:15:55',1,'40283f824d840865014d840902590044'),('40283f814e37d95a014e37d9c4660000','MSIE 9.0','用户: admin[山东省农业银行]登录成功',1,'192.168.191.1','2015-06-28 09:48:15',1,'40283f824d840865014d840902590044'),('40283f814e37d95a014e37daee750001','MSIE 9.0','更新成功',5,'192.168.191.1','2015-06-28 09:49:31',1,'40283f824d840865014d840902590044'),('40283f814e37d95a014e37db036d0002','MSIE 9.0','更新成功',5,'192.168.191.1','2015-06-28 09:49:37',1,'40283f824d840865014d840902590044'),('40283f814e37d95a014e37db15560003','MSIE 9.0','更新成功',5,'192.168.191.1','2015-06-28 09:49:41',1,'40283f824d840865014d840902590044'),('40283f814e37f220014e37f3095d0000','MSIE 9.0','用户: admin[山东省农业银行]登录成功',1,'192.168.191.1','2015-06-28 10:15:51',1,'40283f824d840865014d840902590044'),('40283f814e385d14014e385dd8820000','MSIE 9.0','用户: admin[山东省农业银行]登录成功',1,'192.168.191.1','2015-06-28 12:12:31',1,'40283f824d840865014d840902590044'),('40283f814e385d14014e38678ef70001','MSIE 9.0','存储设备管理更新成功',5,'192.168.191.1','2015-06-28 12:23:07',1,'40283f824d840865014d840902590044'),('40283f814e385d14014e3867afe20002','MSIE 9.0','存储设备管理更新成功',5,'192.168.191.1','2015-06-28 12:23:16',1,'40283f824d840865014d840902590044'),('40283f814e385d14014e3867fedf0003','MSIE 9.0','存储设备管理更新成功',5,'192.168.191.1','2015-06-28 12:23:36',1,'40283f824d840865014d840902590044'),('40283f814e385d14014e38681c0d0004','MSIE 9.0','存储设备管理更新成功',5,'192.168.191.1','2015-06-28 12:23:43',1,'40283f824d840865014d840902590044'),('40283f814e388f42014e388f91e40000','MSIE 9.0','用户: admin[山东省农业银行]登录成功',1,'192.168.191.1','2015-06-28 13:06:49',1,'40283f824d840865014d840902590044'),('40283f814e388f42014e3890dd690001','MSIE 9.0','采集终端管理更新成功',5,'192.168.191.1','2015-06-28 13:08:14',1,'40283f824d840865014d840902590044'),('40283f814e388f42014e3893bb900002','MSIE 9.0','存储设备管理删除成功',4,'192.168.191.1','2015-06-28 13:11:22',1,'40283f824d840865014d840902590044'),('40283f814e388f42014e38942fb70004','MSIE 9.0','客户信息管理添加成功',3,'192.168.191.1','2015-06-28 13:11:52',1,'40283f824d840865014d840902590044'),('40283f814e388f42014e389461930005','MSIE 9.0','客户信息管理更新成功',5,'192.168.191.1','2015-06-28 13:12:05',1,'40283f824d840865014d840902590044'),('40283f814e38e3f0014e38e49be00000','MSIE 9.0','用户: admin[山东省农业银行]登录成功',1,'192.168.191.1','2015-06-28 14:39:43',1,'40283f824d840865014d840902590044'),('40283f814e38e3f0014e38e581380001','MSIE 9.0','用户: admin[山东省农业银行]登录成功',1,'192.168.191.1','2015-06-28 14:40:41',1,'40283f824d840865014d840902590044'),('40283f814e38e8f6014e38ea8b640000','MSIE 9.0','用户: admin[山东省农业银行]登录成功',1,'192.168.191.1','2015-06-28 14:46:12',1,'40283f824d840865014d840902590044'),('40283f814e39658f014e396619880000','MSIE 9.0','用户: admin[山东省农业银行]登录成功',1,'192.168.191.1','2015-06-28 17:01:09',1,'40283f824d840865014d840902590044'),('40283f824d840865014d8409043700c8','Chrome','用户: admin登录成功',1,'169.254.200.136','2013-04-24 16:22:00',1,'40283f824d840865014d840902590044'),('40283f824d840865014d8409044000c9','Chrome','用户: admin登录成功',1,'10.10.10.1','2013-04-24 17:12:00',1,'40283f824d840865014d840902590044'),('40283f824d840865014d8409044100ca','Chrome','用户: admin登录成功',1,'169.254.218.201','2013-03-10 15:37:00',1,'40283f824d840865014d840902590044'),('40283f824d840865014d8409044300cb','Chrome','用户admin已退出',2,'169.254.218.201','2013-03-10 15:38:00',1,'40283f824d840865014d840902590044'),('40283f824d840865014d8409044600cc','MSIE 9.0','用户: admin登录成功',1,'169.254.218.201','2013-03-10 15:38:00',1,'40283f824d840865014d840902590044'),('40283f824d840865014d8409044900cd','MSIE 9.0','JeecgDemo例子: 12被删除 成功',4,'169.254.218.201','2013-03-10 15:39:00',1,'40283f824d840865014d840902590044'),('40283f824d840865014d8409044b00ce','MSIE 9.0','JeecgDemo例子: 12被删除 成功',4,'169.254.218.201','2013-03-10 15:39:00',1,'40283f824d840865014d840902590044'),('40283f824d840865014d8409044c00cf','Chrome','JeecgDemo例子: 12被删除 成功',4,'169.254.218.201','2013-03-10 15:39:00',1,'40283f824d840865014d840902590044'),('40283f824d840865014d8409044e00d0','MSIE 9.0','权限: 单表模型被更新成功',5,'169.254.218.201','2013-03-10 15:39:00',1,'40283f824d840865014d840902590044'),('40283f824d840865014d8409044f00d1','Chrome','删除成功',4,'169.254.218.201','2013-03-10 15:39:00',1,'40283f824d840865014d840902590044'),('40283f824d840865014d8409045100d2','MSIE 9.0','删除成功',4,'169.254.218.201','2013-03-10 15:39:00',1,'40283f824d840865014d840902590044'),('40283f824d840865014d8409045200d3','Chrome','删除成功',4,'169.254.218.201','2013-03-10 15:39:00',1,'40283f824d840865014d840902590044'),('40283f824d840865014d8409045400d4','Firefox','删除成功',4,'169.254.218.201','2013-03-10 15:39:00',1,'40283f824d840865014d840902590044'),('40283f824d840865014d8409045600d5','Chrome','添加成功',3,'169.254.218.201','2013-03-10 15:40:00',1,'40283f824d840865014d840902590044'),('40283f824d840865014d8409045800d6','Chrome','更新成功',5,'169.254.218.201','2013-03-10 15:40:00',1,'40283f824d840865014d840902590044'),('40283f824d840865014d8409047c00d7','Chrome','JeecgDemo例子: 12被添加成功',3,'169.254.218.201','2013-03-10 15:40:00',1,'40283f824d840865014d840902590044'),('40283f824d840865014d8409048000d8','Chrome','部门: 信息部被更新成功',5,'169.254.218.201','2013-03-10 15:41:00',1,'40283f824d840865014d840902590044'),('40283f824d840865014d8409048200d9','Chrome','部门: 设计部被更新成功',5,'169.254.218.201','2013-03-10 15:41:00',1,'40283f824d840865014d840902590044'),('40283f824d840865014d8409048400da','Chrome','类型: 信息部流程被更新成功',5,'169.254.218.201','2013-03-10 15:46:00',1,'40283f824d840865014d840902590044'),('40283f824d840865014d8409048600db','Chrome','用户: admin登录成功',1,'169.254.218.201','2013-03-10 15:48:00',1,'40283f824d840865014d840902590044'),('40283f824d840865014d8409048700dc','Firefox','用户: admin登录成功',1,'169.254.218.201','2013-03-21 23:23:00',1,'40283f824d840865014d840902590044'),('40283f824d840865014d8409048800dd','Chrome','用户: admin登录成功',1,'169.254.218.201','2013-03-21 23:26:00',1,'40283f824d840865014d840902590044'),('40283f824d840865014d8409048a00de','Chrome','权限: 一对多实例被添加成功',3,'169.254.218.201','2013-03-21 23:28:00',1,'40283f824d840865014d840902590044'),('40283f824d840865014d8409048c00df','Chrome','用户: admin登录成功',1,'169.254.218.201','2013-03-22 08:25:00',1,'40283f824d840865014d840902590044'),('40283f824d840865014d8409048d00e0','Firefox','用户: admin登录成功',1,'169.254.218.201','2013-03-22 09:05:00',1,'40283f824d840865014d840902590044'),('40283f824d840865014d8409048f00e1','Chrome','用户: admin登录成功',1,'169.254.218.201','2013-03-22 09:09:00',1,'40283f824d840865014d840902590044'),('40283f824d840865014d8409049000e2','MSIE 8.0','用户: admin登录成功',1,'169.254.218.201','2013-03-22 09:28:00',1,'40283f824d840865014d840902590044'),('40283f824d840865014d8409049100e3','Firefox','用户: admin登录成功',1,'169.254.218.201','2013-03-22 10:32:00',1,'40283f824d840865014d840902590044'),('40283f824d840865014d8409049200e4','Chrome','物品: 笔记本添加成功',3,'169.254.218.201','2013-03-22 10:35:00',1,'40283f824d840865014d840902590044'),('40283f824d840865014d8409049300e5','Firefox','用户: admin登录成功',1,'169.254.218.201','2013-03-22 10:41:00',1,'40283f824d840865014d840902590044'),('40283f824d840865014d8409049500e6','Firefox','用户: admin登录成功',1,'169.254.218.201','2013-03-22 16:11:00',1,'40283f824d840865014d840902590044'),('40283f824d840865014d8409049600e7','Chrome','用户: admin登录成功',1,'169.254.218.201','2013-03-22 21:49:00',1,'40283f824d840865014d840902590044'),('40283f824d840865014d8409049800e8','Chrome','用户: admin登录成功',1,'169.254.218.201','2013-03-22 23:17:00',1,'40283f824d840865014d840902590044'),('40283f824d840865014d8409049900e9','Chrome','用户: admin登录成功',1,'169.254.218.201','2013-03-22 23:27:00',1,'40283f824d840865014d840902590044'),('40283f824d840865014d8409049a00ea','Chrome','用户: admin登录成功',1,'169.254.218.201','2013-03-23 00:16:00',1,'40283f824d840865014d840902590044'),('40283f824d840865014d8409049b00eb','Chrome','用户: admin登录成功',1,'169.254.218.201','2013-03-23 00:22:00',1,'40283f824d840865014d840902590044'),('40283f824d840865014d8409049c00ec','Firefox','用户: admin登录成功',1,'169.254.218.201','2013-03-23 00:31:00',1,'40283f824d840865014d840902590044'),('40283f824d840865014d8409049e00ed','Chrome','用户: admin登录成功',1,'169.254.218.201','2013-03-23 14:23:00',1,'40283f824d840865014d840902590044'),('40283f824d840865014d8409049f00ee','Chrome','流程参数: 主任审批被添加成功',3,'169.254.218.201','2013-03-23 15:05:00',1,'40283f824d840865014d840902590044'),('40283f824d840865014d840904a000ef','Firefox','业务参数: 入职申请被添加成功',3,'169.254.218.201','2013-03-23 15:05:00',1,'40283f824d840865014d840902590044'),('40283f824d840865014d840904a200f0','Chrome','权限: 入职申请被添加成功',3,'169.254.218.201','2013-03-23 15:12:00',1,'40283f824d840865014d840902590044'),('40283f824d840865014d840904a300f1','Firefox','权限: 入职办理被添加成功',3,'169.254.218.201','2013-03-23 15:13:00',1,'40283f824d840865014d840902590044'),('40283f824d840865014d840904a400f2','Chrome','用户: admin登录成功',1,'10.10.10.1','2013-05-06 15:27:00',1,'40283f824d840865014d840902590044'),('40283f824d840865014d840904a500f3','MSIE 8.0','用户: admin登录成功',1,'192.168.197.1','2013-07-07 15:16:00',1,'40283f824d840865014d840902590044'),('40283f824d840865014d840904a700f4','MSIE 8.0','用户: admin登录成功',1,'192.168.197.1','2013-07-07 16:02:00',1,'40283f824d840865014d840902590044'),('40283f824d840865014d840904a800f5','MSIE 8.0','用户: admin登录成功',1,'192.168.197.1','2013-07-07 16:07:00',1,'40283f824d840865014d840902590044'),('40283f824d840865014d840904a900f6','MSIE 8.0','用户: admin登录成功',1,'192.168.197.1','2013-07-07 16:09:00',1,'40283f824d840865014d840902590044'),('40283f824d840865014d840904aa00f7','MSIE 8.0','用户: admin登录成功',1,'192.168.197.1','2013-07-07 16:11:00',1,'40283f824d840865014d840902590044'),('40283f824d840865014d840904ab00f8','MSIE 8.0','用户: admin登录成功',1,'192.168.197.1','2013-07-07 16:13:00',1,'40283f824d840865014d840902590044'),('40283f824d840865014d840904ad00f9','MSIE 8.0','用户: admin登录成功',1,'192.168.197.1','2013-07-07 16:16:00',1,'40283f824d840865014d840902590044'),('40283f824d840865014d840904ae00fa','MSIE 8.0','用户: admin登录成功',1,'192.168.197.1','2013-07-07 16:19:00',1,'40283f824d840865014d840902590044'),('40283f824d840865014d840904af00fb','MSIE 8.0','用户: admin登录成功',1,'192.168.197.1','2013-07-07 16:27:00',1,'40283f824d840865014d840902590044'),('40283f824d840865014d840904b000fc','MSIE 8.0','用户: admin登录成功',1,'192.168.197.1','2013-07-07 16:42:00',1,'40283f824d840865014d840902590044'),('40283f824d840865014d840904b200fd','MSIE 8.0','用户: admin登录成功',1,'192.168.197.1','2013-07-07 16:44:00',1,'40283f824d840865014d840902590044'),('40283f824d840865014d840904b300fe','MSIE 8.0','用户: admin登录成功',1,'192.168.197.1','2013-07-07 16:49:00',1,'40283f824d840865014d840902590044'),('40283f824d840865014d840904b500ff','MSIE 8.0','用户: admin登录成功',1,'192.168.197.1','2013-07-07 16:50:00',1,'40283f824d840865014d840902590044'),('40283f824d840865014d840904b60100','MSIE 8.0','用户: admin登录成功',1,'192.168.197.1','2013-07-07 16:53:00',1,'40283f824d840865014d840902590044'),('40283f824d840865014d840904b70101','MSIE 8.0','修改成功',5,'192.168.197.1','2013-07-07 16:56:00',1,'40283f824d840865014d840902590044'),('40283f824d840865014d840904b90102','MSIE 8.0','用户: admin登录成功',1,'192.168.197.1','2013-07-07 16:59:00',1,'40283f824d840865014d840902590044'),('40283f824d840865014d840904bb0103','MSIE 8.0','创建成功',3,'192.168.197.1','2013-07-07 17:22:00',1,'40283f824d840865014d840902590044'),('40283f824d840865014d840904bc0104','MSIE 8.0','修改成功',5,'192.168.197.1','2013-07-07 17:26:00',1,'40283f824d840865014d840902590044'),('40283f824d840865014d840904bd0105','MSIE 8.0','删除成功',4,'192.168.197.1','2013-07-07 17:31:00',1,'40283f824d840865014d840902590044'),('40283f824d840865014d840904bf0106','MSIE 8.0','修改成功',5,'192.168.197.1','2013-07-07 17:35:00',1,'40283f824d840865014d840902590044'),('40283f824d840865014d840904c10107','MSIE 8.0','用户: admin登录成功',1,'192.168.197.1','2013-07-07 17:46:00',1,'40283f824d840865014d840902590044'),('40283f824d840865014d840904c30108','MSIE 8.0','用户: admin登录成功',1,'192.168.197.1','2013-07-07 17:55:00',1,'40283f824d840865014d840902590044'),('40283f824d840865014d840904c40109','MSIE 8.0','用户: admin登录成功',1,'192.168.197.1','2013-07-07 18:08:00',1,'40283f824d840865014d840902590044'),('40283f824d840865014d840904c5010a','MSIE 8.0','用户: admin登录成功',1,'192.168.197.1','2013-07-07 18:13:00',1,'40283f824d840865014d840902590044'),('40283f824d840865014d840904c6010b','MSIE 8.0','用户: admin登录成功',1,'192.168.197.1','2013-07-07 18:15:00',1,'40283f824d840865014d840902590044'),('40283f824d840865014d840904c8010c','MSIE 8.0','修改成功',5,'192.168.197.1','2013-07-07 18:28:00',1,'40283f824d840865014d840902590044'),('40283f824d840865014d840904c9010d','MSIE 8.0','修改成功',5,'192.168.197.1','2013-07-07 18:29:00',1,'40283f824d840865014d840902590044'),('40283f824d840865014d840904ca010e','MSIE 8.0','修改成功',5,'192.168.197.1','2013-07-07 18:30:00',1,'40283f824d840865014d840902590044'),('40283f824d840865014d840904cc010f','MSIE 8.0','修改成功',5,'192.168.197.1','2013-07-07 18:31:00',1,'40283f824d840865014d840902590044'),('40283f824d840865014d840904cd0110','MSIE 8.0','修改成功',5,'192.168.197.1','2013-07-07 18:31:00',1,'40283f824d840865014d840902590044'),('40283f824d840865014d840904ce0111','MSIE 9.0','物品: 555添加成功',3,'192.168.1.103','2013-03-20 23:03:00',1,'40283f824d840865014d840902590044'),('40283f824d840865014d840904cf0112','MSIE 9.0','用户: admin登录成功',1,'192.168.1.103','2013-03-20 23:19:00',1,'40283f824d840865014d840902590044'),('40283f824d840865014d840904d10113','MSIE 9.0','用户: admin登录成功',1,'192.168.1.103','2013-03-21 20:09:00',1,'40283f824d840865014d840902590044'),('40283f824d840865014d840904d20114','MSIE 9.0','用户: admin登录成功',1,'192.168.1.103','2013-03-21 20:27:00',1,'40283f824d840865014d840902590044'),('40283f824d840865014d840904d30115','MSIE 9.0','用户: admin登录成功',1,'192.168.1.103','2013-03-21 20:44:00',1,'40283f824d840865014d840902590044'),('40283f824d840865014d840904d50116','MSIE 9.0','用户: admin登录成功',1,'192.168.1.103','2013-03-21 20:54:00',1,'40283f824d840865014d840902590044'),('40283f824d840865014d840904d60117','MSIE 9.0','用户: admin登录成功',1,'192.168.1.103','2013-03-21 21:01:00',1,'40283f824d840865014d840902590044'),('40283f824d840865014d840904d70118','MSIE 9.0','用户: admin登录成功',1,'192.168.1.103','2013-03-21 21:13:00',1,'40283f824d840865014d840902590044'),('40283f824d840865014d840904d90119','MSIE 9.0','物品: 55添加成功',3,'192.168.1.103','2013-03-21 21:15:00',1,'40283f824d840865014d840902590044'),('40283f824d840865014d840904da011a','MSIE 9.0','用户: admin登录成功',1,'192.168.1.103','2013-03-21 21:22:00',1,'40283f824d840865014d840902590044'),('40283f824d840865014d840904db011b','MSIE 9.0','物品: 55添加成功',3,'192.168.1.103','2013-03-21 21:23:00',1,'40283f824d840865014d840902590044'),('40283f824d840865014d840904dc011c','MSIE 9.0','物品: 33添加成功',3,'192.168.1.103','2013-03-21 21:23:00',1,'40283f824d840865014d840902590044'),('40283f824d840865014d840904de011d','MSIE 9.0','用户: admin登录成功',1,'192.168.1.103','2013-03-21 21:25:00',1,'40283f824d840865014d840902590044'),('40283f824d840865014d840904df011e','MSIE 9.0','用户: admin登录成功',1,'192.168.1.103','2013-03-21 21:27:00',1,'40283f824d840865014d840902590044'),('40283f824d840865014d840904e0011f','MSIE 9.0','权限: 采购审批被添加成功',3,'192.168.1.103','2013-03-21 21:29:00',1,'40283f824d840865014d840902590044'),('40283f824d840865014d840904e10120','MSIE 9.0','权限: 采购审批被更新成功',5,'192.168.1.103','2013-03-21 21:29:00',1,'40283f824d840865014d840902590044'),('40283f824d840865014d840904e30121','MSIE 9.0','权限: 采购审批被更新成功',5,'192.168.1.103','2013-03-21 21:30:00',1,'40283f824d840865014d840902590044'),('40283f824d840865014d840904e40122','MSIE 9.0','用户: admin更新成功',5,'192.168.1.103','2013-03-21 21:31:00',1,'40283f824d840865014d840902590044'),('40283f824d840865014d840904e50123','MSIE 9.0','流程参数: 采购审批员审批被添加成功',3,'192.168.1.103','2013-03-21 21:36:00',1,'40283f824d840865014d840902590044'),('40283f824d840865014d840904e60124','MSIE 9.0','流程参数: 采购审批员审批被更新成功',5,'192.168.1.103','2013-03-21 21:36:00',1,'40283f824d840865014d840902590044'),('40283f824d840865014d840904e70125','MSIE 9.0','流程参数: 采购审批员审批被更新成功',5,'192.168.1.103','2013-03-21 21:37:00',1,'40283f824d840865014d840902590044'),('40283f824d840865014d840904e90126','MSIE 9.0','流程类别: 采购审批员审批被删除 成功',4,'192.168.1.103','2013-03-21 21:38:00',1,'40283f824d840865014d840902590044'),('40283f824d840865014d840904ea0127','MSIE 9.0','物品: 44添加成功',3,'192.168.1.103','2013-03-21 21:43:00',1,'40283f824d840865014d840902590044'),('40283f824d840865014d840904eb0128','MSIE 9.0','用户: admin登录成功',1,'192.168.1.105','2013-02-07 10:10:00',1,'40283f824d840865014d840902590044'),('40283f824d840865014d840904ec0129','MSIE 9.0','权限: 上传下载被添加成功',3,'192.168.1.105','2013-02-07 11:07:00',1,'40283f824d840865014d840902590044'),('40283f824d840865014d840904ee012a','MSIE 9.0','权限: 插件演示被删除成功',4,'192.168.1.105','2013-02-07 11:07:00',1,'40283f824d840865014d840902590044'),('40283f824d840865014d840904ef012b','MSIE 9.0','用户: admin登录成功',1,'192.168.1.105','2013-02-07 11:07:00',1,'40283f824d840865014d840902590044'),('40283f824d840865014d840938f60183','Chrome','用户: admin[信息部]登录成功',1,'192.168.191.2','2015-05-24 11:48:26',1,'40283f824d840865014d840902590044'),('40283f824d840865014d840970340184','Chrome','用户admin已退出',2,'192.168.191.2','2015-05-24 11:48:40',1,'40283f824d840865014d840902590044'),('40283f824d840865014d8409fc6f0185','Chrome','用户: admin[信息部]登录成功',1,'192.168.191.2','2015-05-24 11:49:16',1,'40283f824d840865014d840902590044'),('402881964e39efcf014e39f05ceb0000','MSIE 9.0','用户: admin[山东省农业银行]登录成功',1,'192.168.1.22','2015-06-28 19:32:10',1,'40283f824d840865014d840902590044'),('4028ab0c4dd3d534014dd3d57b170000','MSIE 8.0','用户: admin[信息中心]登录成功',1,'192.168.43.140','2015-06-08 23:41:32',1,'40283f824d840865014d840902590044'),('4028ab0c4dd3d534014dd3d5ceac0002','MSIE 8.0','业务类型: as2被添加成功',3,'192.168.43.140','2015-06-08 23:41:54',1,'40283f824d840865014d840902590044'),('4028ab0c4dd3d534014dd3d72b300004','MSIE 8.0','业务类型: 12a被添加成功',3,'192.168.43.140','2015-06-08 23:43:23',1,'40283f824d840865014d840902590044'),('4028ab0c4dd3d534014dd3d83e4d0005','MSIE 8.0','业务类型: 12a被更新成功',5,'192.168.43.140','2015-06-08 23:44:33',1,'40283f824d840865014d840902590044'),('4028ab0c4dd3e0ab014dd3e13cae0000','MSIE 8.0','用户: admin[信息中心]登录成功',1,'192.168.43.140','2015-06-08 23:54:23',1,'40283f824d840865014d840902590044'),('8a22800a4d99f4c5014d99f551170000','MSIE 8.0','用户: admin[信息部]登录成功',1,'10.162.0.138','2015-05-28 17:58:20',1,'40283f824d840865014d840902590044'),('8a22800a4d9a04cb014d9a05fd3e0000','MSIE 8.0','用户: admin[信息部]登录成功',1,'10.162.0.138','2015-05-28 18:16:33',1,'40283f824d840865014d840902590044'),('8a22800a4d9a0d8b014d9a0e38160000','MSIE 8.0','用户: admin[信息部]登录成功',1,'10.162.0.138','2015-05-28 18:25:32',1,'40283f824d840865014d840902590044'),('8a22800a4d9a1ca9014d9a1f66fd0000','MSIE 8.0','用户: admin[信息部]登录成功',1,'10.162.0.138','2015-05-28 18:44:18',1,'40283f824d840865014d840902590044'),('8a22800a4d9a4243014d9a430aca0000','MSIE 8.0','用户: admin[信息部]登录成功',1,'10.162.0.138','2015-05-28 19:23:14',1,'40283f824d840865014d840902590044'),('8a22800a4d9a4243014d9a43e5d10002','MSIE 8.0','权限: 业务管理被添加成功',3,'10.162.0.138','2015-05-28 19:24:10',1,'40283f824d840865014d840902590044'),('8a22800a4d9a4243014d9a46ea3e0004','MSIE 8.0','权限: 业务管理被添加成功',3,'10.162.0.138','2015-05-28 19:27:28',1,'40283f824d840865014d840902590044'),('8a22800a4d9a4243014d9a4b6ad40006','MSIE 8.0','部门: 技术部被添加成功',3,'10.162.0.138','2015-05-28 19:32:23',1,'40283f824d840865014d840902590044'),('8a22800a4d9a4243014d9a6b8e4c0007','MSIE 8.0','用户: admin[信息部]登录成功',1,'10.162.0.138','2015-05-28 20:07:29',1,'40283f824d840865014d840902590044'),('8a22800a4d9a4243014d9a6da41a0008','MSIE 8.0','权限: 业务管理被更新成功',5,'10.162.0.138','2015-05-28 20:09:46',1,'40283f824d840865014d840902590044'),('8a22800a4d9a4243014d9a6faebf000b','MSIE 8.0','用户admin已退出',2,'10.162.0.138','2015-05-28 20:12:00',1,'40283f824d840865014d840902590044'),('8a22800a4d9a4243014d9a6fe428000c','MSIE 8.0','用户: admin[信息部]登录成功',1,'10.162.0.138','2015-05-28 20:12:13',1,'40283f824d840865014d840902590044'),('8a22800a4d9a4243014d9a72b4bb000e','MSIE 8.0','添加成功',3,'10.162.0.138','2015-05-28 20:15:18',1,'40283f824d840865014d840902590044'),('8a22800a4daea034014daea0de310000','MSIE 8.0','用户: hu[济南市银行]登录成功',1,'10.162.0.138','2015-06-01 18:18:07',1,'8a2380e34d9ae790014d9b043596002a'),('8a22800a4daeb780014daeb7d7490000','MSIE 8.0','用户: admin[信息中心]登录成功',1,'10.162.0.138','2015-06-01 18:43:13',1,'40283f824d840865014d840902590044'),('8a22800a4daeb780014daeb812720001','MSIE 8.0','用户admin已退出',2,'10.162.0.138','2015-06-01 18:43:28',1,'40283f824d840865014d840902590044'),('8a22800a4daeb780014daeb849be0002','MSIE 8.0','用户: hu[济南市银行]登录成功',1,'10.162.0.138','2015-06-01 18:43:42',1,'8a2380e34d9ae790014d9b043596002a'),('8a22800a4daebc8f014daebdaf650000','MSIE 8.0','用户: hu[济南市银行]登录成功',1,'10.162.0.138','2015-06-01 18:49:36',1,'8a2380e34d9ae790014d9b043596002a'),('8a22800a4daebeb8014daec104410000','MSIE 8.0','用户: hu[济南市银行]登录成功',1,'10.162.0.138','2015-06-01 18:53:14',1,'8a2380e34d9ae790014d9b043596002a'),('8a22800a4daebeb8014daec4236b0003','MSIE 8.0','管理视频存放的服务器，包括编号、名称、IP、端口号、空间大小、所处银行网点、预警空间，是否启用。添加成功',3,'10.162.0.138','2015-06-01 18:56:39',1,'8a2380e34d9ae790014d9b043596002a'),('8a22800a4daebeb8014daec51bad0005','MSIE 8.0','管理视频存放的服务器，包括编号、名称、IP、端口号、空间大小、所处银行网点、预警空间，是否启用。添加成功',3,'10.162.0.138','2015-06-01 18:57:42',1,'8a2380e34d9ae790014d9b043596002a'),('8a22800a4daebeb8014daec5a16c0007','MSIE 8.0','管理视频存放的服务器，包括编号、名称、IP、端口号、空间大小、所处银行网点、预警空间，是否启用。添加成功',3,'10.162.0.138','2015-06-01 18:58:17',1,'8a2380e34d9ae790014d9b043596002a'),('8a22800a4daebeb8014daec605d20008','MSIE 8.0','管理视频存放的服务器，包括编号、名称、IP、端口号、空间大小、所处银行网点、预警空间，是否启用。删除成功',4,'10.162.0.138','2015-06-01 18:58:42',1,'8a2380e34d9ae790014d9b043596002a'),('8a22800a4daebeb8014daec8028a0009','MSIE 8.0','用户hu已退出',2,'10.162.0.138','2015-06-01 19:00:53',1,'8a2380e34d9ae790014d9b043596002a'),('8a22800a4daebeb8014daec825de000a','MSIE 8.0','用户: admin[信息中心]登录成功',1,'10.162.0.138','2015-06-01 19:01:02',1,'40283f824d840865014d840902590044'),('8a22800a4daed64c014daed6cf410000','MSIE 8.0','用户: hu[济南市银行]登录成功',1,'10.162.0.138','2015-06-01 19:17:02',1,'8a2380e34d9ae790014d9b043596002a'),('8a22800a4daeddf5014daedea3dc0000','MSIE 8.0','用户: hu[济南市银行]登录成功',1,'10.162.0.138','2015-06-01 19:25:36',1,'8a2380e34d9ae790014d9b043596002a'),('8a22800a4daeddf5014daee00e010002','MSIE 8.0','存储设备管理添加成功',3,'10.162.0.138','2015-06-01 19:27:08',1,'8a2380e34d9ae790014d9b043596002a'),('8a22800a4daeddf5014daee1d6840004','MSIE 8.0','存储设备管理添加成功',3,'10.162.0.138','2015-06-01 19:29:05',1,'8a2380e34d9ae790014d9b043596002a'),('8a22800a4daee8fb014daee9b2910000','MSIE 8.0','用户: hu[济南市银行]登录成功',1,'10.162.0.138','2015-06-01 19:37:40',1,'8a2380e34d9ae790014d9b043596002a'),('8a22800a4daee8fb014daeed12cd0001','MSIE 8.0','用户hu已退出',2,'10.162.0.138','2015-06-01 19:41:21',1,'8a2380e34d9ae790014d9b043596002a'),('8a22800a4daeed57014daef05bd00000','MSIE 8.0','用户: hu[济南市银行]登录成功',1,'10.162.0.138','2015-06-01 19:44:57',1,'8a2380e34d9ae790014d9b043596002a'),('8a22800a4daeed57014daef0e1d30002','MSIE 8.0','存储设备管理添加成功',3,'10.162.0.138','2015-06-01 19:45:31',1,'8a2380e34d9ae790014d9b043596002a'),('8a22800a4daf0bd6014daf13a4ff0000','MSIE 8.0','用户: hu[济南市银行]登录成功',1,'10.162.0.138','2015-06-01 20:23:29',1,'8a2380e34d9ae790014d9b043596002a'),('8a22800a4daf0bd6014daf14d7eb0002','MSIE 8.0','存储设备管理删除成功',4,'10.162.0.138','2015-06-01 20:24:48',1,'8a2380e34d9ae790014d9b043596002a'),('8a22800a4daf0bd6014daf14debd0003','MSIE 8.0','存储设备管理删除成功',4,'10.162.0.138','2015-06-01 20:24:50',1,'8a2380e34d9ae790014d9b043596002a'),('8a22800a4daf0bd6014daf14e6260004','MSIE 8.0','存储设备管理删除成功',4,'10.162.0.138','2015-06-01 20:24:52',1,'8a2380e34d9ae790014d9b043596002a'),('8a22800a4daf160b014daf1877d20000','MSIE 8.0','用户: hu[济南市银行]登录成功',1,'10.162.0.138','2015-06-01 20:28:45',1,'8a2380e34d9ae790014d9b043596002a'),('8a22800a4daf160b014daf1d3f490002','MSIE 8.0','存储设备管理添加成功',3,'10.162.0.138','2015-06-01 20:33:59',1,'8a2380e34d9ae790014d9b043596002a'),('8a22800a4daf160b014daf1e838e0003','MSIE 8.0','用户hu已退出',2,'10.162.0.138','2015-06-01 20:35:22',1,'8a2380e34d9ae790014d9b043596002a'),('8a22800a4daf1f3e014daf1fb2370000','MSIE 8.0','用户: hu[济南市银行]登录成功',1,'10.162.0.138','2015-06-01 20:36:39',1,'8a2380e34d9ae790014d9b043596002a'),('8a22800a4daf24e8014daf2554340000','MSIE 8.0','用户: hu[济南市银行]登录成功',1,'10.162.0.138','2015-06-01 20:42:48',1,'8a2380e34d9ae790014d9b043596002a'),('8a22800a4daf24e8014daf25ddc20001','MSIE 8.0','存储设备管理删除成功',4,'10.162.0.138','2015-06-01 20:43:23',1,'8a2380e34d9ae790014d9b043596002a'),('8a22800a4daf24e8014daf2602c30003','MSIE 8.0','存储设备管理添加成功',3,'10.162.0.138','2015-06-01 20:43:33',1,'8a2380e34d9ae790014d9b043596002a'),('8a22800a4daf2c43014daf2cb1130000','MSIE 8.0','用户: hu[济南市银行]登录成功',1,'10.162.0.138','2015-06-01 20:50:51',1,'8a2380e34d9ae790014d9b043596002a'),('8a22800a4daf2d8c014daf2e0be90000','MSIE 8.0','用户: hu[济南市银行]登录成功',1,'10.162.0.138','2015-06-01 20:52:20',1,'8a2380e34d9ae790014d9b043596002a'),('8a22800a4daf2d8c014daf2f1dd80001','MSIE 8.0','权限: 采集终端管理被更新成功',5,'10.162.0.138','2015-06-01 20:53:30',1,'8a2380e34d9ae790014d9b043596002a'),('8a22800a4daf2d8c014daf2f81d00002','MSIE 8.0','用户hu已退出',2,'10.162.0.138','2015-06-01 20:53:55',1,'8a2380e34d9ae790014d9b043596002a'),('8a22800a4daf2d8c014daf2faf050003','MSIE 8.0','用户: hu[济南市银行]登录成功',1,'10.162.0.138','2015-06-01 20:54:07',1,'8a2380e34d9ae790014d9b043596002a'),('8a22800a4daf2d8c014daf3062500005','MSIE 8.0','采集终端管理添加成功',3,'10.162.0.138','2015-06-01 20:54:53',1,'8a2380e34d9ae790014d9b043596002a'),('8a22800a4db773d0014db78fa86a0000','MSIE 8.0','用户: admin[信息中心]登录成功',1,'10.162.0.138','2015-06-03 11:55:54',1,'40283f824d840865014d840902590044'),('8a22800a4db773d0014db7906ae90002','MSIE 8.0','客户信息管理添加成功',3,'10.162.0.138','2015-06-03 11:56:44',1,'40283f824d840865014d840902590044'),('8a22800a4db773d0014db7ed15f10003','MSIE 8.0','用户: admin[信息中心]登录成功',1,'10.162.0.138','2015-06-03 13:37:57',1,'40283f824d840865014d840902590044'),('8a22800a4db773d0014db7ed8e060005','MSIE 8.0','类型分组: 证件类型被添加成功',3,'10.162.0.138','2015-06-03 13:38:28',1,'40283f824d840865014d840902590044'),('8a22800a4db773d0014db7ededac0007','MSIE 8.0','类型: 1被添加成功',3,'10.162.0.138','2015-06-03 13:38:52',1,'40283f824d840865014d840902590044'),('8a22800a4db773d0014db7ee35950009','MSIE 8.0','类型: 学生证被添加成功',3,'10.162.0.138','2015-06-03 13:39:11',1,'40283f824d840865014d840902590044'),('8a22800a4db773d0014db7ef03c8000a','MSIE 8.0','类型: 身份证被更新成功',5,'10.162.0.138','2015-06-03 13:40:04',1,'40283f824d840865014d840902590044'),('8a22800a4db773d0014db7ef4884000b','MSIE 8.0','类型: 存储设备被更新成功',5,'10.162.0.138','2015-06-03 13:40:21',1,'40283f824d840865014d840902590044'),('8a22800a4db773d0014db7ef9841000c','MSIE 8.0','类型: 是被更新成功',5,'10.162.0.138','2015-06-03 13:40:42',1,'40283f824d840865014d840902590044'),('8a22800a4db773d0014db7efe23e000d','MSIE 8.0','类型: 已上传被更新成功',5,'10.162.0.138','2015-06-03 13:41:01',1,'40283f824d840865014d840902590044'),('8a22800a4db773d0014db7f76b97000e','MSIE 8.0','客户信息管理删除成功',4,'10.162.0.138','2015-06-03 13:49:15',1,'40283f824d840865014d840902590044'),('8a22800a4db773d0014db7f78c7d0010','MSIE 8.0','客户信息管理添加成功',3,'10.162.0.138','2015-06-03 13:49:23',1,'40283f824d840865014d840902590044'),('8a22800a4db773d0014db7f8e7e90011','MSIE 8.0','客户信息管理更新成功',5,'10.162.0.138','2015-06-03 13:50:52',1,'40283f824d840865014d840902590044'),('8a22800a4db773d0014db7f932a20013','MSIE 8.0','客户信息管理添加成功',3,'10.162.0.138','2015-06-03 13:51:11',1,'40283f824d840865014d840902590044'),('8a22800a4db773d0014db7fb5eb10016','MSIE 8.0','客户信息管理添加成功',3,'10.162.0.138','2015-06-03 13:53:33',1,'40283f824d840865014d840902590044'),('8a22800a4db773d0014db80424740017','MSIE 8.0','类型分组: 是否启用被更新成功',5,'10.162.0.138','2015-06-03 14:03:08',1,'40283f824d840865014d840902590044'),('8a22800a4db773d0014db804a9420018','MSIE 8.0','类型: 采集设备被更新成功',5,'10.162.0.138','2015-06-03 14:03:42',1,'40283f824d840865014d840902590044'),('8a22800a4db773d0014db804d5650019','MSIE 8.0','类型: 文件被更新成功',5,'10.162.0.138','2015-06-03 14:03:54',1,'40283f824d840865014d840902590044'),('8a22800a4db773d0014db806723e001a','MSIE 8.0','类型: 其他被更新成功',5,'10.162.0.138','2015-06-03 14:05:39',1,'40283f824d840865014d840902590044'),('8a22800a4db773d0014db806cb79001b','MSIE 8.0','类型: 否被更新成功',5,'10.162.0.138','2015-06-03 14:06:02',1,'40283f824d840865014d840902590044'),('8a22800a4db773d0014db80723fe001c','MSIE 8.0','类型: 未上传被更新成功',5,'10.162.0.138','2015-06-03 14:06:25',1,'40283f824d840865014d840902590044'),('8a22800a4db773d0014db8075906001d','MSIE 8.0','类型: 上传中被更新成功',5,'10.162.0.138','2015-06-03 14:06:38',1,'40283f824d840865014d840902590044'),('8a22800a4db773d0014db807948e001e','MSIE 8.0','类型: 上传失败被更新成功',5,'10.162.0.138','2015-06-03 14:06:54',1,'40283f824d840865014d840902590044'),('8a22800a4db773d0014db80898ae001f','MSIE 8.0','客户信息管理更新成功',5,'10.162.0.138','2015-06-03 14:08:00',1,'40283f824d840865014d840902590044'),('8a22800a4db773d0014db808bd360020','MSIE 8.0','客户信息管理更新成功',5,'10.162.0.138','2015-06-03 14:08:10',1,'40283f824d840865014d840902590044'),('8a2380e34d9ae790014d9ae8e6430000','MSIE 8.0','用户: admin[信息部]登录成功',1,'10.163.0.99','2015-05-28 22:24:24',1,'40283f824d840865014d840902590044'),('8a2380e34d9ae790014d9aeb08510001','MSIE 8.0','权限: 业务管理被删除成功',4,'10.163.0.99','2015-05-28 22:26:43',1,'40283f824d840865014d840902590044'),('8a2380e34d9ae790014d9af62df70002','MSIE 8.0','用户admin已退出',2,'10.163.0.99','2015-05-28 22:38:54',1,'40283f824d840865014d840902590044'),('8a2380e34d9ae790014d9af65d470003','MSIE 8.0','用户: admin[信息部]登录成功',1,'10.163.0.99','2015-05-28 22:39:06',1,'40283f824d840865014d840902590044'),('8a2380e34d9ae790014d9af824530005','MSIE 8.0','类型分组: 是否启用被添加成功',3,'10.163.0.99','2015-05-28 22:41:03',1,'40283f824d840865014d840902590044'),('8a2380e34d9ae790014d9af87d400007','MSIE 8.0','类型: 01被添加成功',3,'10.163.0.99','2015-05-28 22:41:25',1,'40283f824d840865014d840902590044'),('8a2380e34d9ae790014d9af8ae020009','MSIE 8.0','类型: 02被添加成功',3,'10.163.0.99','2015-05-28 22:41:38',1,'40283f824d840865014d840902590044'),('8a2380e34d9ae790014d9afaa9d1000b','MSIE 8.0','地域: 山东省农业银行被添加成功',3,'10.163.0.99','2015-05-28 22:43:48',1,'40283f824d840865014d840902590044'),('8a2380e34d9ae790014d9afc1434000d','MSIE 8.0','部门: 山东省农业银行被添加成功',3,'10.163.0.99','2015-05-28 22:45:21',1,'40283f824d840865014d840902590044'),('8a2380e34d9ae790014d9afca05b000f','MSIE 8.0','部门: 济南市银行被添加成功',3,'10.163.0.99','2015-05-28 22:45:56',1,'40283f824d840865014d840902590044'),('8a2380e34d9ae790014d9afd039b0011','MSIE 8.0','部门: 青岛市银行被添加成功',3,'10.163.0.99','2015-05-28 22:46:22',1,'40283f824d840865014d840902590044'),('8a2380e34d9ae790014d9afd7e090013','MSIE 8.0','部门: 历下网点被添加成功',3,'10.163.0.99','2015-05-28 22:46:53',1,'40283f824d840865014d840902590044'),('8a2380e34d9ae790014d9afe759a0014','MSIE 8.0','部门: 信息中心被更新成功',5,'10.163.0.99','2015-05-28 22:47:57',1,'40283f824d840865014d840902590044'),('8a2380e34d9ae790014d9afeab500015','MSIE 8.0','部门: 技术部被删除 成功',4,'10.163.0.99','2015-05-28 22:48:10',1,'40283f824d840865014d840902590044'),('8a2380e34d9ae790014d9aff5b6a0017','MSIE 8.0','角色: 设备管理员被添加成功',3,'10.163.0.99','2015-05-28 22:48:55',1,'40283f824d840865014d840902590044'),('8a2380e34d9ae790014d9b0010320019','MSIE 8.0','角色: 系统管理员被添加成功',3,'10.163.0.99','2015-05-28 22:49:42',1,'40283f824d840865014d840902590044'),('8a2380e34d9ae790014d9b00829b001b','MSIE 8.0','角色: 理财顾问被添加成功',3,'10.163.0.99','2015-05-28 22:50:11',1,'40283f824d840865014d840902590044'),('8a2380e34d9ae790014d9b0397d20029','MSIE 8.0','用户: chen添加成功',3,'10.163.0.99','2015-05-28 22:53:33',1,'40283f824d840865014d840902590044'),('8a2380e34d9ae790014d9b043601002c','MSIE 8.0','用户: hu添加成功',3,'10.163.0.99','2015-05-28 22:54:14',1,'40283f824d840865014d840902590044'),('8a2380e34d9ae790014d9b04c053002f','MSIE 8.0','用户: lhd添加成功',3,'10.163.0.99','2015-05-28 22:54:49',1,'40283f824d840865014d840902590044'),('8a2380e34d9ae790014d9b04d48b0030','MSIE 8.0','用户admin已退出',2,'10.163.0.99','2015-05-28 22:54:54',1,'40283f824d840865014d840902590044'),('8a2380e34d9ae790014d9b050b6d0031','MSIE 8.0','用户: chen[山东省农业银行]登录成功',1,'10.163.0.99','2015-05-28 22:55:08',1,'8a2380e34d9ae790014d9b0397340027'),('8a2380e34d9ae790014d9b053c780032','MSIE 8.0','用户chen已退出',2,'10.163.0.99','2015-05-28 22:55:21',1,'8a2380e34d9ae790014d9b0397340027'),('8a4543e04dba102c014dba1182300000','MSIE 8.0','用户: admin[信息中心]登录成功',1,'10.197.195.96','2015-06-03 23:36:59',1,'40283f824d840865014d840902590044'),('8a455a194dccc645014dccc7100a0000','MSIE 8.0','用户: admin[信息中心]登录成功',1,'10.197.218.153','2015-06-07 14:48:27',1,'40283f824d840865014d840902590044'),('8a455a194dccf42e014dccf478910000','MSIE 8.0','用户: admin[信息中心]登录成功',1,'10.197.218.153','2015-06-07 15:38:03',1,'40283f824d840865014d840902590044'),('8a455a194dccf42e014dccf4e4360004','MSIE 8.0','添加成功',3,'10.197.218.153','2015-06-07 15:38:30',1,'40283f824d840865014d840902590044'),('8a455a194dcd0174014dcd0203810000','MSIE 8.0','用户: admin[信息中心]登录成功',1,'10.197.218.153','2015-06-07 15:52:50',1,'40283f824d840865014d840902590044'),('8a455a194dcd0174014dcd0baf5b0001','MSIE 8.0','删除成功',4,'10.197.218.153','2015-06-07 16:03:24',1,'40283f824d840865014d840902590044'),('8a455a194dcd0174014dcd0bda950004','MSIE 8.0','添加成功',3,'10.197.218.153','2015-06-07 16:03:35',1,'40283f824d840865014d840902590044'),('8a455a194dcd0d72014dcd0e16a80000','MSIE 8.0','用户: admin[信息中心]登录成功',1,'10.197.218.153','2015-06-07 16:06:02',1,'40283f824d840865014d840902590044'),('8a455a194dcd0d72014dcd0f4ed30002','MSIE 8.0','更新成功',5,'10.197.218.153','2015-06-07 16:07:22',1,'40283f824d840865014d840902590044'),('8a455a194dcd128e014dcd12ea1e0000','MSIE 8.0','用户: admin[信息中心]登录成功',1,'10.197.218.153','2015-06-07 16:11:18',1,'40283f824d840865014d840902590044'),('8a455a194dcd2028014dcd2092c20000','MSIE 8.0','用户: admin[信息中心]登录成功',1,'10.197.218.153','2015-06-07 16:26:13',1,'40283f824d840865014d840902590044'),('8a455a194dcd2300014dcd23b5510000','MSIE 8.0','用户: admin[信息中心]登录成功',1,'10.197.218.153','2015-06-07 16:29:39',1,'40283f824d840865014d840902590044'),('8a455a194dcd2300014dcd23e7510002','MSIE 8.0','更新成功',5,'10.197.218.153','2015-06-07 16:29:51',1,'40283f824d840865014d840902590044'),('8a455a194dcd2300014dcd2445620006','MSIE 8.0','更新成功',5,'10.197.218.153','2015-06-07 16:30:15',1,'40283f824d840865014d840902590044'),('8a455a194dcd2300014dcd2da8ab0008','MSIE 8.0','类型分组: 是否主通道被添加成功',3,'10.197.218.153','2015-06-07 16:40:31',1,'40283f824d840865014d840902590044'),('8a455a194dcd2300014dcd2de04f000a','MSIE 8.0','类型: 是被添加成功',3,'10.197.218.153','2015-06-07 16:40:45',1,'40283f824d840865014d840902590044'),('8a455a194dcd2300014dcd2e1a0d000c','MSIE 8.0','类型: 否被添加成功',3,'10.197.218.153','2015-06-07 16:41:00',1,'40283f824d840865014d840902590044'),('8a455a194dcd2300014dcd35cd02000f','MSIE 8.0','添加成功',3,'10.197.218.153','2015-06-07 16:49:24',1,'40283f824d840865014d840902590044'),('8a455a194dcd2300014dcd393d130010','MSIE 8.0','更新成功',5,'10.197.218.153','2015-06-07 16:53:10',1,'40283f824d840865014d840902590044'),('8a455a194dcd2300014dcd4059a80011','MSIE 8.0','用户: admin[信息中心]登录成功',1,'10.197.218.153','2015-06-07 17:00:56',1,'40283f824d840865014d840902590044'),('8a455a194dcd4390014dcd43e4390000','MSIE 8.0','用户: admin[信息中心]登录成功',1,'10.197.218.153','2015-06-07 17:04:48',1,'40283f824d840865014d840902590044'),('8a8a8b9e4da71455014da714fec30000','MSIE 8.0','用户: admin[信息中心]登录成功',1,'10.10.11.30','2015-05-31 07:08:00',1,'40283f824d840865014d840902590044'),('8a8a8b9e4da71455014da715e4580001','MSIE 8.0','用户admin已退出',2,'10.10.11.30','2015-05-31 07:08:59',1,'40283f824d840865014d840902590044'),('8a8a8b9e4da71455014da71611b20002','MSIE 8.0','用户: admin[信息中心]登录成功',1,'10.10.11.30','2015-05-31 07:09:10',1,'40283f824d840865014d840902590044'),('8a8a8b9e4da71455014da717178d0006','MSIE 8.0','用户admin已退出',2,'10.10.11.30','2015-05-31 07:10:17',1,'40283f824d840865014d840902590044'),('8a8a8b9e4da71455014da717444f0007','MSIE 8.0','用户: admin[信息中心]登录成功',1,'10.10.11.30','2015-05-31 07:10:29',1,'40283f824d840865014d840902590044'),('8a8a8b9e4da71455014da73c57950008','MSIE 8.0','用户admin已退出',2,'10.10.11.30','2015-05-31 07:50:59',1,'40283f824d840865014d840902590044'),('8a8a8b9e4da71455014da73ca0a80009','MSIE 8.0','用户: admin[信息中心]登录成功',1,'10.10.11.30','2015-05-31 07:51:17',1,'40283f824d840865014d840902590044'),('8a8a8b9e4da744d2014da74546e70000','MSIE 8.0','用户: admin[信息中心]登录成功',1,'10.10.11.30','2015-05-31 08:00:44',1,'40283f824d840865014d840902590044'),('8a8a8b9e4da74da1014da74e07ed0000','MSIE 8.0','用户: admin[信息中心]登录成功',1,'10.10.11.30','2015-05-31 08:10:18',1,'40283f824d840865014d840902590044'),('8a8a8b9e4da74da1014da74ec5920001','MSIE 8.0','用户: admin[信息中心]登录成功',1,'10.10.11.30','2015-05-31 08:11:07',1,'40283f824d840865014d840902590044'),('8a8a8b9e4da74da1014da74f2c290002','MSIE 8.0','用户: admin[信息中心]登录成功',1,'10.10.11.30','2015-05-31 08:11:33',1,'40283f824d840865014d840902590044'),('8a8a8b9e4da74da1014da7544de40003','MSIE 8.0','用户admin已退出',2,'10.10.11.30','2015-05-31 08:17:09',1,'40283f824d840865014d840902590044'),('8a8a8b9e4da74da1014da75472f80004','MSIE 8.0','用户: admin[信息中心]登录成功',1,'10.10.11.30','2015-05-31 08:17:19',1,'40283f824d840865014d840902590044'),('8a8a8b9e4da74da1014da755cf2e0006','MSIE 8.0','用户: scott更新成功',5,'10.10.11.30','2015-05-31 08:18:48',1,'40283f824d840865014d840902590044'),('8a8a8b9e4da74da1014da75a647a0008','MSIE 8.0','类型分组: 报警类型被添加成功',3,'10.10.11.30','2015-05-31 08:23:48',1,'40283f824d840865014d840902590044'),('8a8a8b9e4da74da1014da75ac7f7000a','MSIE 8.0','类型: 01被添加成功',3,'10.10.11.30','2015-05-31 08:24:14',1,'40283f824d840865014d840902590044'),('8a8a8b9e4da74da1014da75b0538000c','MSIE 8.0','类型: 02被添加成功',3,'10.10.11.30','2015-05-31 08:24:29',1,'40283f824d840865014d840902590044'),('8a8a8b9e4da74da1014da75b52c5000e','MSIE 8.0','类型: 03被添加成功',3,'10.10.11.30','2015-05-31 08:24:49',1,'40283f824d840865014d840902590044'),('8a8a8b9e4da74da1014da75b8a2c0010','MSIE 8.0','类型: 04被添加成功',3,'10.10.11.30','2015-05-31 08:25:03',1,'40283f824d840865014d840902590044'),('8a8a8b9e4da74da1014da75ccf390012','MSIE 8.0','类型分组: 文件状态被添加成功',3,'10.10.11.30','2015-05-31 08:26:27',1,'40283f824d840865014d840902590044'),('8a8a8b9e4da74da1014da75ed6ee0014','MSIE 8.0','类型: 0被添加成功',3,'10.10.11.30','2015-05-31 08:28:40',1,'40283f824d840865014d840902590044'),('8a8a8b9e4da74da1014da75f84920016','MSIE 8.0','类型: 1被添加成功',3,'10.10.11.30','2015-05-31 08:29:24',1,'40283f824d840865014d840902590044'),('8a8a8b9e4da74da1014da75fa3a40018','MSIE 8.0','类型: 2被添加成功',3,'10.10.11.30','2015-05-31 08:29:32',1,'40283f824d840865014d840902590044'),('8a8a8b9e4da74da1014da75fce4c001a','MSIE 8.0','类型: 3被添加成功',3,'10.10.11.30','2015-05-31 08:29:43',1,'40283f824d840865014d840902590044'),('8a8a8b9e4da74da1014da7633e98001c','MSIE 8.0','类型分组: 签约状态被添加成功',3,'10.10.11.30','2015-05-31 08:33:28',1,'40283f824d840865014d840902590044'),('8a8a8b9e4da74da1014da7638589001e','MSIE 8.0','类型: 已签约被添加成功',3,'10.10.11.30','2015-05-31 08:33:46',1,'40283f824d840865014d840902590044'),('8a8a8b9e4da74da1014da763aeeb0020','MSIE 8.0','类型: 未签约被添加成功',3,'10.10.11.30','2015-05-31 08:33:57',1,'40283f824d840865014d840902590044'),('8a8a8b9e4da74da1014da76859ea0022','MSIE 8.0','权限: 理财室管理被添加成功',3,'10.10.11.30','2015-05-31 08:39:03',1,'40283f824d840865014d840902590044'),('8a8a8b9e4da74da1014da768a2280023','MSIE 8.0','权限: 存储设备管理被更新成功',5,'10.10.11.30','2015-05-31 08:39:21',1,'40283f824d840865014d840902590044'),('8a8a8b9e4da74da1014da769d1da0025','MSIE 8.0','权限: 平台配置被添加成功',3,'10.10.11.30','2015-05-31 08:40:39',1,'40283f824d840865014d840902590044'),('8a8a8b9e4da74da1014da76a0c500026','MSIE 8.0','权限: 平台配置被删除成功',4,'10.10.11.30','2015-05-31 08:40:54',1,'40283f824d840865014d840902590044'),('8a8a8b9e4da74da1014da76a29860027','MSIE 8.0','权限: 基础数据被删除成功',4,'10.10.11.30','2015-05-31 08:41:02',1,'40283f824d840865014d840902590044'),('8a8a8b9e4da74da1014da76a68310029','MSIE 8.0','权限: 平台配置被添加成功',3,'10.10.11.30','2015-05-31 08:41:18',1,'40283f824d840865014d840902590044'),('8a8a8b9e4da74da1014da76acbc7002b','MSIE 8.0','权限: 存储设备管理被添加成功',3,'10.10.11.30','2015-05-31 08:41:43',1,'40283f824d840865014d840902590044'),('8a8a8b9e4da74da1014da76b3854002d','MSIE 8.0','权限: 采集终端管理被添加成功',3,'10.10.11.30','2015-05-31 08:42:11',1,'40283f824d840865014d840902590044'),('8a8a8b9e4da74da1014da76bf1b0002f','MSIE 8.0','权限: 组织机构被添加成功',3,'10.10.11.30','2015-05-31 08:42:58',1,'40283f824d840865014d840902590044'),('8a8a8b9e4da74da1014da76cafd30030','MSIE 8.0','权限: 业务类型被更新成功',5,'10.10.11.30','2015-05-31 08:43:47',1,'40283f824d840865014d840902590044'),('8a8a8b9e4da74da1014da76d21a80032','MSIE 8.0','权限: 理财登记被添加成功',3,'10.10.11.30','2015-05-31 08:44:16',1,'40283f824d840865014d840902590044'),('8a8a8b9e4da74da1014da76d5e570034','MSIE 8.0','权限: 文件补录被添加成功',3,'10.10.11.30','2015-05-31 08:44:32',1,'40283f824d840865014d840902590044'),('8a8a8b9e4da74da1014da76dbd260036','MSIE 8.0','权限: 文件上传查询被添加成功',3,'10.10.11.30','2015-05-31 08:44:56',1,'40283f824d840865014d840902590044'),('8a8a8b9e4da74da1014da76e16850038','MSIE 8.0','权限: 理财查询被添加成功',3,'10.10.11.30','2015-05-31 08:45:19',1,'40283f824d840865014d840902590044'),('8a8a8b9e4da74da1014da76e8deb003a','MSIE 8.0','权限: 客户管理被添加成功',3,'10.10.11.30','2015-05-31 08:45:49',1,'40283f824d840865014d840902590044'),('8a8a8b9e4da74da1014da76ec52c003c','MSIE 8.0','权限: 客户登记被添加成功',3,'10.10.11.30','2015-05-31 08:46:04',1,'40283f824d840865014d840902590044'),('8a8a8b9e4da74da1014da774d299003d','MSIE 8.0','权限: 客户登记被更新成功',5,'10.10.11.30','2015-05-31 08:52:40',1,'40283f824d840865014d840902590044'),('8a8a8b9e4da74da1014da7758bd6004b','MSIE 8.0','用户admin已退出',2,'10.10.11.30','2015-05-31 08:53:28',1,'40283f824d840865014d840902590044'),('8a8a8b9e4da74da1014da7765144004c','MSIE 8.0','用户: admin[信息中心]登录成功',1,'10.10.11.30','2015-05-31 08:54:18',1,'40283f824d840865014d840902590044'),('8a8a8b9e4da74da1014da777412f004d','MSIE 8.0','用户admin已退出',2,'10.10.11.30','2015-05-31 08:55:20',1,'40283f824d840865014d840902590044'),('8a8a8b9e4da74da1014da777834a004e','MSIE 8.0','用户: hu[济南市银行]登录成功',1,'10.10.11.30','2015-05-31 08:55:37',1,'8a2380e34d9ae790014d9b043596002a'),('8a8a8b9e4da74da1014da77a31db004f','MSIE 8.0','权限: 客户管理被更新成功',5,'10.10.11.30','2015-05-31 08:58:32',1,'8a2380e34d9ae790014d9b043596002a'),('8a8a8b9e4da74da1014da77a52900050','MSIE 8.0','权限: 客户管理被更新成功',5,'10.10.11.30','2015-05-31 08:58:41',1,'8a2380e34d9ae790014d9b043596002a'),('8a8a8b9e4da74da1014da77a953e0051','MSIE 8.0','权限: 基础数据被更新成功',5,'10.10.11.30','2015-05-31 08:58:58',1,'8a2380e34d9ae790014d9b043596002a'),('8a8a8b9e4da74da1014da77abc120052','MSIE 8.0','权限: 理财业务被更新成功',5,'10.10.11.30','2015-05-31 08:59:08',1,'8a2380e34d9ae790014d9b043596002a'),('8a8a8b9e4da74da1014da77b39d30053','MSIE 8.0','权限: 统计查询被更新成功',5,'10.10.11.30','2015-05-31 08:59:40',1,'8a2380e34d9ae790014d9b043596002a'),('8a8a8b9e4da74da1014da77b7dde0054','MSIE 8.0','用户hu已退出',2,'10.10.11.30','2015-05-31 08:59:57',1,'8a2380e34d9ae790014d9b043596002a'),('8a8a8b9e4da74da1014da77bb89e0055','MSIE 8.0','用户: hu[济南市银行]登录成功',1,'10.10.11.30','2015-05-31 09:00:12',1,'8a2380e34d9ae790014d9b043596002a'),('8a8a8b9e4da74da1014da78f804a0056','MSIE 8.0','用户hu已退出',2,'10.10.11.30','2015-05-31 09:21:49',1,'8a2380e34d9ae790014d9b043596002a'),('8a8a8b9e4da74da1014da78fa7fb0057','MSIE 8.0','用户: admin[信息中心]登录成功',1,'10.10.11.30','2015-05-31 09:21:59',1,'40283f824d840865014d840902590044'),('8a8a8b9e4da74da1014da79465c2005c','MSIE 8.0','课程添加成功',3,'10.10.11.30','2015-05-31 09:27:10',1,'40283f824d840865014d840902590044'),('8a8a8b9e4da74da1014da7965db2005d','MSIE 8.0','用户admin已退出',2,'10.10.11.30','2015-05-31 09:29:19',1,'40283f824d840865014d840902590044'),('8a8a8b9e4dbbf989014dbc0473ad0000','MSIE 8.0','用户: admin[信息中心]登录成功',1,'10.10.11.30','2015-06-04 08:41:57',1,'40283f824d840865014d840902590044'),('8a8a8b9e4dbd4213014dbd42adde0000','MSIE 8.0','用户: admin[信息中心]登录成功',1,'10.10.11.30','2015-06-04 14:29:33',1,'40283f824d840865014d840902590044'),('8a8a8b9e4dbd4213014dbd43f24f0002','MSIE 8.0','类型分组: 风险级别被添加成功',3,'10.10.11.30','2015-06-04 14:30:56',1,'40283f824d840865014d840902590044'),('8a8a8b9e4dbd4213014dbd4466170004','MSIE 8.0','类型: 高被添加成功',3,'10.10.11.30','2015-06-04 14:31:25',1,'40283f824d840865014d840902590044'),('8a8a8b9e4dbd4213014dbd44874b0006','MSIE 8.0','类型: 中被添加成功',3,'10.10.11.30','2015-06-04 14:31:34',1,'40283f824d840865014d840902590044'),('8a8a8b9e4dbd4213014dbd44c6960008','MSIE 8.0','类型: 低被添加成功',3,'10.10.11.30','2015-06-04 14:31:50',1,'40283f824d840865014d840902590044'),('8a8a8b9e4dc27ebf014dc281e93a0000','MSIE 8.0','用户: admin[信息中心]登录成功',1,'10.10.11.30','2015-06-05 14:56:43',1,'40283f824d840865014d840902590044'),('8a8a8b9e4dc286d8014dc28784830000','MSIE 8.0','用户: admin[信息中心]登录成功',1,'10.10.11.30','2015-06-05 15:02:50',1,'40283f824d840865014d840902590044'),('8a8a8b9e4dc28db6014dc28e0a2b0000','MSIE 8.0','用户: admin[信息中心]登录成功',1,'10.10.11.30','2015-06-05 15:09:58',1,'40283f824d840865014d840902590044'),('8a8a8b9e4dc28db6014dc28e73df0002','MSIE 8.0','存储设备管理添加成功',3,'10.10.11.30','2015-06-05 15:10:25',1,'40283f824d840865014d840902590044'),('8a8a8b9e4dc28db6014dc28ea1790003','MSIE 8.0','存储设备管理更新成功',5,'10.10.11.30','2015-06-05 15:10:36',1,'40283f824d840865014d840902590044'),('8a8a8b9e4dc28db6014dc28f95420004','MSIE 8.0','存储设备管理更新成功',5,'10.10.11.30','2015-06-05 15:11:39',1,'40283f824d840865014d840902590044'),('8a8a8b9e4dc28db6014dc2931a640005','MSIE 8.0','存储设备管理更新成功',5,'10.10.11.30','2015-06-05 15:15:30',1,'40283f824d840865014d840902590044'),('8a8a8b9e4dc28db6014dc29339640006','MSIE 8.0','存储设备管理更新成功',5,'10.10.11.30','2015-06-05 15:15:37',1,'40283f824d840865014d840902590044'),('8a8a8b9e4dc28db6014dc29361090007','MSIE 8.0','存储设备管理更新成功',5,'10.10.11.30','2015-06-05 15:15:48',1,'40283f824d840865014d840902590044'),('8a8a8b9e4dc28db6014dc2937b9e0008','MSIE 8.0','存储设备管理更新成功',5,'10.10.11.30','2015-06-05 15:15:54',1,'40283f824d840865014d840902590044'),('8a8a8b9e4dc28db6014dc293abd70009','MSIE 8.0','存储设备管理更新成功',5,'10.10.11.30','2015-06-05 15:16:07',1,'40283f824d840865014d840902590044'),('8a8a8b9e4dc28db6014dc29854ed000b','MSIE 8.0','存储设备管理添加成功',3,'10.10.11.30','2015-06-05 15:21:12',1,'40283f824d840865014d840902590044'),('8a8a8b9e4dc28db6014dc2988b50000c','MSIE 8.0','存储设备管理更新成功',5,'10.10.11.30','2015-06-05 15:21:26',1,'40283f824d840865014d840902590044'),('8a8a8b9e4dc28db6014dc2e2c697000d','MSIE 8.0','用户: admin[信息中心]登录成功',1,'10.10.11.30','2015-06-05 16:42:31',1,'40283f824d840865014d840902590044'),('8a8a8b9e4dc28db6014dc2e3a0dd000e','MSIE 8.0','权限: 采集终端管理被更新成功',5,'10.10.11.30','2015-06-05 16:43:27',1,'40283f824d840865014d840902590044'),('8a8a8b9e4dc28db6014dc2e469a10010','MSIE 8.0','权限: 通道管理被添加成功',3,'10.10.11.30','2015-06-05 16:44:18',1,'40283f824d840865014d840902590044'),('8a8a8b9e4dc28db6014dc2e4bd6b0011','MSIE 8.0','权限: 通道管理被删除成功',4,'10.10.11.30','2015-06-05 16:44:40',1,'40283f824d840865014d840902590044'),('8a8a8b9e4dc28db6014dc2e50d550013','MSIE 8.0','权限: 通道管理被添加成功',3,'10.10.11.30','2015-06-05 16:45:00',1,'40283f824d840865014d840902590044'),('8a8a8b9e4dc2edd2014dc2ee25f70000','MSIE 8.0','用户: admin[信息中心]登录成功',1,'10.10.11.30','2015-06-05 16:54:56',1,'40283f824d840865014d840902590044'),('8a8a8b9e4dc2edd2014dc2eedf940003','MSIE 8.0','用户admin已退出',2,'10.10.11.30','2015-06-05 16:55:44',1,'40283f824d840865014d840902590044'),('8a8a8b9e4dc2edd2014dc2eefefa0004','MSIE 8.0','用户: admin[信息中心]登录成功',1,'10.10.11.30','2015-06-05 16:55:52',1,'40283f824d840865014d840902590044'),('8a8a8b9e4dc2edd2014dc2f069580006','MSIE 8.0','通道管理添加成功',3,'10.10.11.30','2015-06-05 16:57:25',1,'40283f824d840865014d840902590044'),('8a8a8b9e4dc2edd2014dc2f0adab0008','MSIE 8.0','通道管理添加成功',3,'10.10.11.30','2015-06-05 16:57:42',1,'40283f824d840865014d840902590044'),('8a8a8b9e4dc30113014dc301ca9f0000','MSIE 8.0','用户: admin[信息中心]登录成功',1,'10.10.11.30','2015-06-05 17:16:24',1,'40283f824d840865014d840902590044'),('8a8a8b9e4dc30113014dc3026be40002','MSIE 8.0','通道管理添加成功',3,'10.10.11.30','2015-06-05 17:17:05',1,'40283f824d840865014d840902590044'),('8a8a8b9e4dc307d7014dc3081aca0000','MSIE 8.0','用户: admin[信息中心]登录成功',1,'10.10.11.30','2015-06-05 17:23:17',1,'40283f824d840865014d840902590044'),('8a8a8b9e4dc30f18014dc30f6b7e0000','MSIE 8.0','用户: admin[信息中心]登录成功',1,'10.10.11.30','2015-06-05 17:31:17',1,'40283f824d840865014d840902590044'),('8a8a8b9e4dc6881d014dc688d8de0000','MSIE 8.0','用户: admin[信息中心]登录成功',1,'10.10.11.30','2015-06-06 09:42:46',1,'40283f824d840865014d840902590044'),('8a8a8b9e4dc6a021014dc6a0791c0000','MSIE 8.0','用户: admin[信息中心]登录成功',1,'10.10.11.30','2015-06-06 10:08:35',1,'40283f824d840865014d840902590044'),('8a8a8b9e4dc6b7c3014dc6b80f650000','MSIE 8.0','用户: admin[信息中心]登录成功',1,'10.10.11.30','2015-06-06 10:34:20',1,'40283f824d840865014d840902590044'),('8a8a8b9e4dc6b7c3014dc6b8ae2b0002','MSIE 8.0','权限: 111111被添加成功',3,'10.10.11.30','2015-06-06 10:35:01',1,'40283f824d840865014d840902590044'),('8a8a8b9e4dc6c71a014dc6c770d70000','MSIE 8.0','用户: admin[信息中心]登录成功',1,'10.10.11.30','2015-06-06 10:51:08',1,'40283f824d840865014d840902590044'),('8a8a8b9e4dc6cfb3014dc6d02f530000','MSIE 8.0','用户: admin[信息中心]登录成功',1,'10.10.11.30','2015-06-06 11:00:41',1,'40283f824d840865014d840902590044'),('8a8a8b9e4dc6f12d014dc6f2915b0000','MSIE 8.0','用户: admin[信息中心]登录成功',1,'10.10.11.30','2015-06-06 11:38:15',1,'40283f824d840865014d840902590044'),('8a8a8b9e4dc71045014dc7108ded0000','MSIE 8.0','用户: admin[信息中心]登录成功',1,'10.10.11.30','2015-06-06 12:11:00',1,'40283f824d840865014d840902590044'),('8a8a8b9e4dc712a9014dc712ed430000','MSIE 8.0','用户: admin[信息中心]登录成功',1,'10.10.11.30','2015-06-06 12:13:35',1,'40283f824d840865014d840902590044'),('8a8a8b9e4dd1622d014dd162a8b90000','MSIE 8.0','用户: admin[信息中心]登录成功',1,'10.10.11.30','2015-06-08 12:16:53',1,'40283f824d840865014d840902590044'),('8a8a8b9e4dd1622d014dd16318940002','MSIE 8.0','存储设备管理添加成功',3,'10.10.11.30','2015-06-08 12:17:22',1,'40283f824d840865014d840902590044'),('8a8a8b9e4dd1622d014dd163342b0003','MSIE 8.0','存储设备管理更新成功',5,'10.10.11.30','2015-06-08 12:17:29',1,'40283f824d840865014d840902590044'),('8a8a8b9e4dd1622d014dd16385c60004','MSIE 8.0','通道管理更新成功',5,'10.10.11.30','2015-06-08 12:17:50',1,'40283f824d840865014d840902590044'),('8a8a8b9e4dd16508014dd165404c0000','MSIE 8.0','用户: admin[信息中心]登录成功',1,'10.10.11.30','2015-06-08 12:19:43',1,'40283f824d840865014d840902590044'),('8a8a8b9e4dd16508014dd1666adc0001','MSIE 8.0','存储设备管理更新成功',5,'10.10.11.30','2015-06-08 12:20:59',1,'40283f824d840865014d840902590044'),('8a8a8b9e4dd16508014dd166e6bd0002','MSIE 8.0','存储设备管理更新成功',5,'10.10.11.30','2015-06-08 12:21:31',1,'40283f824d840865014d840902590044'),('8a8a8b9e4dd16508014dd16702c80003','MSIE 8.0','存储设备管理更新成功',5,'10.10.11.30','2015-06-08 12:21:38',1,'40283f824d840865014d840902590044'),('8a8a8b9e4dd16508014dd167576f0004','MSIE 8.0','采集终端管理更新成功',5,'10.10.11.30','2015-06-08 12:22:00',1,'40283f824d840865014d840902590044'),('8a8a8b9e4dd16508014dd16797d00005','MSIE 8.0','采集终端管理更新成功',5,'10.10.11.30','2015-06-08 12:22:16',1,'40283f824d840865014d840902590044'),('8a8a8b9e4dd16508014dd16986ab0007','MSIE 8.0','权限: 112222被添加成功',3,'10.10.11.30','2015-06-08 12:24:23',1,'40283f824d840865014d840902590044'),('8a8a8b9e4dd16508014dd1744a5c000d','MSIE 8.0','用户: admin更新成功',5,'10.10.11.30','2015-06-08 12:36:08',1,'40283f824d840865014d840902590044'),('8a8a8b9e4dd16508014dd1749454000e','MSIE 8.0','用户admin已退出',2,'10.10.11.30','2015-06-08 12:36:27',1,'40283f824d840865014d840902590044'),('8a8a8b9e4dd16508014dd174ba80000f','MSIE 8.0','用户: admin[信息中心]登录成功',1,'10.10.11.30','2015-06-08 12:36:37',1,'40283f824d840865014d840902590044'),('8a8a8b9e4dd16508014dd17a12dc0011','MSIE 8.0','权限: 1111被添加成功',3,'10.10.11.30','2015-06-08 12:42:27',1,'40283f824d840865014d840902590044'),('8a8a8b9e4dd17ac6014dd17b46570000','MSIE 8.0','用户: admin[信息中心]登录成功',1,'10.10.11.30','2015-06-08 12:43:46',1,'40283f824d840865014d840902590044'),('8a8a8b9e4dd23e9f014dd23eea970000','MSIE 8.0','用户: admin[信息中心]登录成功',1,'10.10.11.30','2015-06-08 16:17:28',1,'40283f824d840865014d840902590044'),('8a8a8b9e4dd5b10e014dd5b198e50000','MSIE 8.0','用户: admin[信息中心]登录成功',1,'10.10.11.30','2015-06-09 08:21:35',1,'40283f824d840865014d840902590044'),('8a8a8b9e4dd5b10e014dd5b1ed140002','MSIE 8.0','业务类型: 1被添加成功',3,'10.10.11.30','2015-06-09 08:21:57',1,'40283f824d840865014d840902590044'),('8a8a8b9e4dd5b10e014dd5b2d58e0003','MSIE 8.0','业务类型: 11被更新成功',5,'10.10.11.30','2015-06-09 08:22:56',1,'40283f824d840865014d840902590044'),('8a8a8b9e4dd5b3dc014dd5b42dca0000','MSIE 8.0','用户: admin[信息中心]登录成功',1,'10.10.11.30','2015-06-09 08:24:24',1,'40283f824d840865014d840902590044'),('8a8a8b9e4dd5b3dc014dd5b47ae40001','MSIE 8.0','产品类型更新成功',5,'10.10.11.30','2015-06-09 08:24:44',1,'40283f824d840865014d840902590044'),('8a8a8b9e4dd5b5e6014dd5b63df90000','MSIE 8.0','用户: admin[信息中心]登录成功',1,'10.10.11.30','2015-06-09 08:26:39',1,'40283f824d840865014d840902590044'),('8a8a8b9e4dd5b5e6014dd5b690fa0001','MSIE 8.0','产品类型删除成功',4,'10.10.11.30','2015-06-09 08:27:01',1,'40283f824d840865014d840902590044'),('8a8a8b9e4dd5b5e6014dd5b698290002','MSIE 8.0','产品类型删除成功',4,'10.10.11.30','2015-06-09 08:27:03',1,'40283f824d840865014d840902590044'),('8a8a8b9e4dd5b5e6014dd5b6a0690003','MSIE 8.0','产品类型删除成功',4,'10.10.11.30','2015-06-09 08:27:05',1,'40283f824d840865014d840902590044'),('8a8a8b9e4dd5b5e6014dd5b6c7f20005','MSIE 8.0','产品类型添加成功',3,'10.10.11.30','2015-06-09 08:27:15',1,'40283f824d840865014d840902590044'),('8a8a8b9e4dd5ba16014dd5baa3560000','MSIE 8.0','用户: admin[信息中心]登录成功',1,'10.10.11.30','2015-06-09 08:31:28',1,'40283f824d840865014d840902590044'),('8a8a8b9e4dd5ba16014dd5baf9930001','MSIE 8.0','产品类型更新成功',5,'10.10.11.30','2015-06-09 08:31:50',1,'40283f824d840865014d840902590044'),('8a8a8b9e4dd5c1d9014dd5c23ddc0000','MSIE 8.0','用户: admin[信息中心]登录成功',1,'10.10.11.30','2015-06-09 08:39:46',1,'40283f824d840865014d840902590044'),('8a8a8b9e4dd5c1d9014dd5c2b05f0002','MSIE 8.0','产品类型添加成功',3,'10.10.11.30','2015-06-09 08:40:15',1,'40283f824d840865014d840902590044'),('8a8a8b9e4dd5c1d9014dd5c469660003','MSIE 8.0','产品类型更新成功',5,'10.10.11.30','2015-06-09 08:42:08',1,'40283f824d840865014d840902590044'),('8a8a8b9e4de530a3014de537af880000','MSIE 8.0','用户: admin[信息中心]登录成功',1,'10.10.11.30','2015-06-12 08:42:21',1,'40283f824d840865014d840902590044'),('8a8a8b9e4de556cb014de5574c4b0000','MSIE 8.0','用户: admin[信息中心]登录成功',1,'10.10.11.30','2015-06-12 09:16:53',1,'40283f824d840865014d840902590044'),('8a8a8b9e4de556cb014de55802590001','MSIE 8.0','用户admin已退出',2,'10.10.11.30','2015-06-12 09:17:39',1,'40283f824d840865014d840902590044'),('8a8a8b9e4dea9a61014deaa0a1ba0000','MSIE 8.0','用户: admin[信息中心]登录成功',1,'10.10.11.30','2015-06-13 09:55:05',1,'40283f824d840865014d840902590044'),('8a8a8b9e4deb022a014deb03cb160000','MSIE 8.0','用户: admin[信息中心]登录成功',1,'10.10.11.30','2015-06-13 11:43:23',1,'40283f824d840865014d840902590044'),('8a8a8b9e4df9e0d9014df9e23ebc0000','MSIE 8.0','用户: admin[信息中心]登录成功',1,'10.10.11.30','2015-06-16 09:01:03',1,'40283f824d840865014d840902590044'),('8a8a8b9e4df9e0d9014df9e2bd9e0001','MSIE 8.0','用户: admin[信息中心]登录成功',1,'10.10.11.30','2015-06-16 09:01:36',1,'40283f824d840865014d840902590044'),('8a8a8b9e4dfa70ea014dfa7166680000','MSIE 8.0','用户: admin[信息中心]登录成功',1,'10.10.11.30','2015-06-16 11:37:25',1,'40283f824d840865014d840902590044'),('8a8a8b9e4dfa70ea014dfa71fdf10001','MSIE 8.0','用户admin已退出',2,'10.10.11.30','2015-06-16 11:38:04',1,'40283f824d840865014d840902590044'),('8a8a8b9e4dfa70ea014dfa72a3220002','MSIE 8.0','用户: admin[信息中心]登录成功',1,'10.10.11.30','2015-06-16 11:38:46',1,'40283f824d840865014d840902590044'),('8a8a8b9e4dfa70ea014dfa769b130003','MSIE 8.0','更新成功',5,'10.10.11.30','2015-06-16 11:43:06',1,'40283f824d840865014d840902590044'),('8a8a8b9e4e05c2c0014e05c5cc9d0000','MSIE 8.0','用户: admin[信息中心]登录成功',1,'10.10.11.30','2015-06-18 16:25:25',1,'40283f824d840865014d840902590044'),('8a8a8b9e4e05c2c0014e05c676030001','MSIE 8.0','权限: 理财查询被更新成功',5,'10.10.11.30','2015-06-18 16:26:09',1,'40283f824d840865014d840902590044'),('8a8a8b9e4e05c2c0014e05c6b68c0002','MSIE 8.0','用户admin已退出',2,'10.10.11.30','2015-06-18 16:26:25',1,'40283f824d840865014d840902590044'),('8a8a8b9e4e05c2c0014e05c6dcb80003','MSIE 8.0','用户: admin[信息中心]登录成功',1,'10.10.11.30','2015-06-18 16:26:35',1,'40283f824d840865014d840902590044'),('8a8a8b9e4e05c2c0014e05cf84860004','Chrome','用户: admin[信息中心]登录成功',1,'10.10.11.30','2015-06-18 16:36:02',1,'40283f824d840865014d840902590044'),('8a8a8b9e4e28b8e2014e28b94e7e0000','MSIE 8.0','用户: admin[信息中心]登录成功',1,'10.10.11.30','2015-06-25 11:18:29',1,'40283f824d840865014d840902590044'),('8a8a8b9e4e28b8e2014e28bb917e0006','MSIE 8.0','用户: admin更新成功',5,'10.10.11.30','2015-06-25 11:20:57',1,'40283f824d840865014d840902590044'),('8a8a8b9e4e28b8e2014e28bbb2a00008','MSIE 8.0','用户: scott更新成功',5,'10.10.11.30','2015-06-25 11:21:06',1,'40283f824d840865014d840902590044'),('8a8a8b9e4e28b8e2014e28bc42210009','MSIE 8.0','用户：cgy删除成功',4,'10.10.11.30','2015-06-25 11:21:43',1,'40283f824d840865014d840902590044'),('8a8a8b9e4e28b8e2014e28bc4fbe000a','MSIE 8.0','用户：cgspy删除成功',4,'10.10.11.30','2015-06-25 11:21:46',1,'40283f824d840865014d840902590044'),('8a8a8b9e4e28b8e2014e28bf5459000b','MSIE 8.0','部门: 设计部被删除 成功',4,'10.10.11.30','2015-06-25 11:25:04',1,'40283f824d840865014d840902590044'),('8a8a8b9e4e2d8cf7014e2dc6550c0000','MSIE 8.0','用户: admin[山东省农业银行]登录成功',1,'10.10.11.30','2015-06-26 10:50:49',1,'40283f824d840865014d840902590044'),('8a8a8b9e4e2dd2bf014e2dd38f300000','MSIE 8.0','用户: admin[山东省农业银行]登录成功',1,'10.10.11.30','2015-06-26 11:05:16',1,'40283f824d840865014d840902590044'),('8a8a8b9e4e2dd2bf014e2dd5895a0001','MSIE 8.0','Demo: erwerqq被删除 成功',4,'10.10.11.30','2015-06-26 11:07:25',1,'40283f824d840865014d840902590044'),('8a8a8b9e4e2deb1f014e2deb8d0e0000','MSIE 8.0','用户: admin[山东省农业银行]登录成功',1,'10.10.11.30','2015-06-26 11:31:28',1,'40283f824d840865014d840902590044'),('8a8a8b9e4e2e6ab9014e2e6b98c30000','MSIE 8.0','用户: admin[山东省农业银行]登录成功',1,'10.10.11.30','2015-06-26 13:51:20',1,'40283f824d840865014d840902590044'),('8a8a8b9e4e2e6d0f014e2e6d650d0000','MSIE 8.0','用户: admin[山东省农业银行]登录成功',1,'10.10.11.30','2015-06-26 13:53:18',1,'40283f824d840865014d840902590044'),('8a8a8b9e4e2e6f0e014e2e6f5d020000','MSIE 8.0','用户: admin[山东省农业银行]登录成功',1,'10.10.11.30','2015-06-26 13:55:27',1,'40283f824d840865014d840902590044'),('8a8a8b9e4e2e7229014e2e72808f0000','MSIE 8.0','用户: admin[山东省农业银行]登录成功',1,'10.10.11.30','2015-06-26 13:58:52',1,'40283f824d840865014d840902590044'),('8a8a8b9e4e2e7659014e2e7699ca0000','MSIE 8.0','用户: admin[山东省农业银行]登录成功',1,'10.10.11.30','2015-06-26 14:03:21',1,'40283f824d840865014d840902590044'),('8a8a8b9e4e2e7867014e2e78c1df0000','MSIE 8.0','用户: admin[山东省农业银行]登录成功',1,'10.10.11.30','2015-06-26 14:05:42',1,'40283f824d840865014d840902590044'),('8a8a8b9e4e2e85e5014e2e865b7c0000','MSIE 8.0','用户: admin[山东省农业银行]登录成功',1,'10.10.11.30','2015-06-26 14:20:34',1,'40283f824d840865014d840902590044'),('8a8a8b9e4e2efa73014e2efba3e90000','MSIE 8.0','用户: admin[山东省农业银行]登录成功',1,'10.10.11.30','2015-06-26 16:28:40',1,'40283f824d840865014d840902590044'),('8a8a8b9e4e2effb6014e2f0281de0000','MSIE 8.0','用户: admin[山东省农业银行]登录成功',1,'10.10.11.30','2015-06-26 16:36:10',1,'40283f824d840865014d840902590044'),('8a8a8b9e4e2effb6014e2f02c9280001','MSIE 8.0','权限: 理财登记被更新成功',5,'10.10.11.30','2015-06-26 16:36:28',1,'40283f824d840865014d840902590044'),('8a8a8b9e4e2effb6014e2f038d9a0002','MSIE 8.0','用户: admin[山东省农业银行]登录成功',1,'10.10.11.30','2015-06-26 16:37:18',1,'40283f824d840865014d840902590044'),('8a8a8b9e4e2effb6014e2f0491c80003','MSIE 8.0','用户: admin[山东省农业银行]登录成功',1,'10.10.11.30','2015-06-26 16:38:25',1,'40283f824d840865014d840902590044'),('8a8a8b9e4e2effb6014e2f05d96f0004','MSIE 8.0','权限: 理财登记被更新成功',5,'10.10.11.30','2015-06-26 16:39:49',1,'40283f824d840865014d840902590044'),('8a8a8b9e4e2effb6014e2f0645d00005','MSIE 8.0','权限: 文件补录被更新成功',5,'10.10.11.30','2015-06-26 16:40:17',1,'40283f824d840865014d840902590044'),('8a8a8b9e4e2effb6014e2f07de7a0006','MSIE 8.0','用户admin已退出',2,'10.10.11.30','2015-06-26 16:42:01',1,'40283f824d840865014d840902590044'),('8a8a8b9e4e2effb6014e2f07fb2b0007','MSIE 8.0','用户: admin[山东省农业银行]登录成功',1,'10.10.11.30','2015-06-26 16:42:09',1,'40283f824d840865014d840902590044'),('8a8a8b9e4e2effb6014e2f0ca0f80008','MSIE 8.0','用户: admin[山东省农业银行]登录成功',1,'10.10.11.30','2015-06-26 16:47:13',1,'40283f824d840865014d840902590044'),('8a8a8b9e4e2effb6014e2f0df5040009','Chrome','用户: admin[山东省农业银行]登录成功',1,'10.10.11.30','2015-06-26 16:48:40',1,'40283f824d840865014d840902590044'),('8a8a8b9e4e2effb6014e2f1098a6000a','Chrome','用户: admin[山东省农业银行]登录成功',1,'10.10.11.30','2015-06-26 16:51:33',1,'40283f824d840865014d840902590044'),('8a8a8b9e4e2effb6014e2f20d2ef000b','Chrome','用户: admin[山东省农业银行]登录成功',1,'10.10.11.30','2015-06-26 17:09:17',1,'40283f824d840865014d840902590044'),('8a8a8b9e4e2effb6014e2f224326000c','Chrome','用户: admin[山东省农业银行]登录成功',1,'10.10.11.30','2015-06-26 17:10:51',1,'40283f824d840865014d840902590044'),('8a8a8b9e4e2effb6014e2f22a0d3000d','Chrome','更新成功',5,'10.10.11.30','2015-06-26 17:11:15',1,'40283f824d840865014d840902590044'),('8a8a8b9e4e2effb6014e2f22cb47000e','Chrome','更新成功',5,'10.10.11.30','2015-06-26 17:11:26',1,'40283f824d840865014d840902590044'),('8a8a8b9e4e2effb6014e2f22edca000f','Chrome','更新成功',5,'10.10.11.30','2015-06-26 17:11:35',1,'40283f824d840865014d840902590044'),('8a8a8b9e4e2effb6014e2f23103f0010','Chrome','删除成功',4,'10.10.11.30','2015-06-26 17:11:43',1,'40283f824d840865014d840902590044'),('8a8a8b9e4e2effb6014e2f29e81b0011','Chrome','用户: admin[山东省农业银行]登录成功',1,'10.10.11.30','2015-06-26 17:19:12',1,'40283f824d840865014d840902590044'),('8a8a8b9e4e2effb6014e2f2f16e00012','Chrome','用户: admin[山东省农业银行]登录成功',1,'10.10.11.30','2015-06-26 17:24:52',1,'40283f824d840865014d840902590044'),('8a8a8b9e4e2effb6014e2f30e41b0013','Chrome','用户: admin[山东省农业银行]登录成功',1,'10.10.11.30','2015-06-26 17:26:50',1,'40283f824d840865014d840902590044'),('8a8a8b9e4e2effb6014e2f31a1ff0014','Chrome','用户admin已退出',2,'10.10.11.30','2015-06-26 17:27:38',1,'40283f824d840865014d840902590044'),('8a8a8b9e4e2effb6014e2f31c0ca0015','Chrome','用户: admin[山东省农业银行]登录成功',1,'10.10.11.30','2015-06-26 17:27:46',1,'40283f824d840865014d840902590044'),('8a8a8b9e4e2effb6014e2f326a600016','MSIE 8.0','用户: admin[山东省农业银行]登录成功',1,'10.10.11.30','2015-06-26 17:28:30',1,'40283f824d840865014d840902590044'),('8a8a8b9e4e2f3cd8014e2f3d6dfe0000','MSIE 9.0','用户: admin[山东省农业银行]登录成功',1,'10.10.11.30','2015-06-26 17:40:31',1,'40283f824d840865014d840902590044'),('8a8a8b9e4e2f3cd8014e2f3dfc480001','Chrome','用户: admin[山东省农业银行]登录成功',1,'10.10.11.30','2015-06-26 17:41:08',1,'40283f824d840865014d840902590044'),('8a8a8b9e4e42fed8014e4300004d0000','MSIE 8.0','用户: admin[山东省农业银行]登录成功',1,'10.10.11.30','2015-06-30 13:45:50',1,'40283f824d840865014d840902590044'),('8a8a8b9e4e447da7014e447dfeab0000','Chrome','用户: admin[山东省农业银行]登录成功',1,'10.10.11.30','2015-06-30 20:43:04',1,'40283f824d840865014d840902590044'),('8a8a8b9e4e447da7014e449b57950001','MSIE 8.0','用户: admin[山东省农业银行]登录成功',1,'10.10.11.30','2015-06-30 21:15:08',1,'40283f824d840865014d840902590044'),('8a8a8b9e4e44c56f014e44c7bc670000','MSIE 8.0','用户: admin[山东省农业银行]登录成功',1,'10.10.11.30','2015-06-30 22:03:37',1,'40283f824d840865014d840902590044'),('8a8a8b9e4e44e824014e44e8b2030000','MSIE 8.0','用户: admin[山东省农业银行]登录成功',1,'10.10.11.30','2015-06-30 22:39:37',1,'40283f824d840865014d840902590044'),('8a8a8b9e4e44e824014e44ea1f2a0001','MSIE 8.0','权限: 文件补录被更新成功',5,'10.10.11.30','2015-06-30 22:41:10',1,'40283f824d840865014d840902590044'),('8a8a8b9e4e44e824014e44ea6baf0002','MSIE 8.0','权限: 理财登记被更新成功',5,'10.10.11.30','2015-06-30 22:41:30',1,'40283f824d840865014d840902590044'),('8a8a8b9e4e44e824014e44eace840003','MSIE 8.0','权限: 文件上传查询被更新成功',5,'10.10.11.30','2015-06-30 22:41:55',1,'40283f824d840865014d840902590044'),('8a8a8b9e4e44e824014e44eb1f2e0004','MSIE 8.0','权限: 理财查询被更新成功',5,'10.10.11.30','2015-06-30 22:42:16',1,'40283f824d840865014d840902590044'),('8a8a8b9e4e44e824014e44eb99650005','MSIE 8.0','权限: 业务查询被更新成功',5,'10.10.11.30','2015-06-30 22:42:47',1,'40283f824d840865014d840902590044'),('8a8a8b9e4e44e824014e44ec44530006','MSIE 8.0','用户admin已退出',2,'10.10.11.30','2015-06-30 22:43:31',1,'40283f824d840865014d840902590044'),('8a8a8b9e4e44e824014e44ec92a50007','MSIE 8.0','用户: admin[山东省农业银行]登录成功',1,'10.10.11.30','2015-06-30 22:43:51',1,'40283f824d840865014d840902590044'),('8a8a8b9e4e44e824014e44f3f403000d','MSIE 8.0','添加成功',3,'10.10.11.30','2015-06-30 22:51:55',1,'40283f824d840865014d840902590044'),('8a8a8b9e4e44e824014e44f41cba000e','MSIE 8.0','更新成功',5,'10.10.11.30','2015-06-30 22:52:05',1,'40283f824d840865014d840902590044'),('8a8a8b9e4e44e824014e44f876800010','MSIE 8.0','类型分组: 理财业务状态被添加成功',3,'10.10.11.30','2015-06-30 22:56:50',1,'40283f824d840865014d840902590044'),('8a8a8b9e4e44e824014e44f9343c0012','MSIE 8.0','类型: 已结束被添加成功',3,'10.10.11.30','2015-06-30 22:57:39',1,'40283f824d840865014d840902590044'),('8a8a8b9e4e44e824014e44f99fdf0014','MSIE 8.0','类型: 未开始被添加成功',3,'10.10.11.30','2015-06-30 22:58:06',1,'40283f824d840865014d840902590044'),('8a8a8b9e4e44e824014e44fa0bc00016','MSIE 8.0','类型: 进行中被添加成功',3,'10.10.11.30','2015-06-30 22:58:34',1,'40283f824d840865014d840902590044'),('8a8a8b9e4e44e824014e44fa8e2a0017','MSIE 8.0','更新成功',5,'10.10.11.30','2015-06-30 22:59:07',1,'40283f824d840865014d840902590044'),('8a8a8b9e4e44e824014e44fabb340018','MSIE 8.0','更新成功',5,'10.10.11.30','2015-06-30 22:59:19',1,'40283f824d840865014d840902590044'),('8a8a8b9e4e44e824014e44fadc9a0019','MSIE 8.0','更新成功',5,'10.10.11.30','2015-06-30 22:59:28',1,'40283f824d840865014d840902590044'),('8a8a8b9e4e44e824014e44fba630001a','MSIE 8.0','删除成功',4,'10.10.11.30','2015-06-30 23:00:19',1,'40283f824d840865014d840902590044'),('8a8a8b9e4e44e824014e44fc3a2c001d','MSIE 8.0','添加成功',3,'10.10.11.30','2015-06-30 23:00:57',1,'40283f824d840865014d840902590044'),('8a8a8b9e4e44e824014e44fc507b001e','MSIE 8.0','更新成功',5,'10.10.11.30','2015-06-30 23:01:03',1,'40283f824d840865014d840902590044'),('8a8a8b9e4e44e824014e44fc5f3b001f','MSIE 8.0','更新成功',5,'10.10.11.30','2015-06-30 23:01:07',1,'40283f824d840865014d840902590044'),('8a8a8b9e4e44e824014e44fc6c650020','MSIE 8.0','更新成功',5,'10.10.11.30','2015-06-30 23:01:10',1,'40283f824d840865014d840902590044'),('8a8a8b9e4e44e824014e44fc7a5b0021','MSIE 8.0','更新成功',5,'10.10.11.30','2015-06-30 23:01:13',1,'40283f824d840865014d840902590044'),('8a8a8b9e4e44e824014e44fd0b020024','MSIE 8.0','添加成功',3,'10.10.11.30','2015-06-30 23:01:50',1,'40283f824d840865014d840902590044'),('8a8a8b9e4e44e824014e44fd429d0027','MSIE 8.0','添加成功',3,'10.10.11.30','2015-06-30 23:02:05',1,'40283f824d840865014d840902590044'),('8a8a8b9e4e44e824014e44fe536f0028','MSIE 8.0','更新成功',5,'10.10.11.30','2015-06-30 23:03:15',1,'40283f824d840865014d840902590044'),('8a8a8b9e4e44e824014e44fea1330029','MSIE 8.0','更新成功',5,'10.10.11.30','2015-06-30 23:03:34',1,'40283f824d840865014d840902590044'),('8a8a8b9e4e44e824014e44ffc439002c','MSIE 8.0','添加成功',3,'10.10.11.30','2015-06-30 23:04:49',1,'40283f824d840865014d840902590044'),('8a8a8b9e4e44e824014e45013e77002d','MSIE 8.0','更新成功',5,'10.10.11.30','2015-06-30 23:06:26',1,'40283f824d840865014d840902590044'),('8a8a8b9e4e44e824014e4501e5b4002e','MSIE 8.0','更新成功',5,'10.10.11.30','2015-06-30 23:07:09',1,'40283f824d840865014d840902590044'),('8a8a8b9e4e44e824014e45022813002f','MSIE 8.0','更新成功',5,'10.10.11.30','2015-06-30 23:07:26',1,'40283f824d840865014d840902590044'),('8a8a8b9e4e44e824014e4502378f0030','MSIE 8.0','更新成功',5,'10.10.11.30','2015-06-30 23:07:30',1,'40283f824d840865014d840902590044'),('8a8a8b9e4e44e824014e4502446b0031','MSIE 8.0','更新成功',5,'10.10.11.30','2015-06-30 23:07:33',1,'40283f824d840865014d840902590044'),('8a8a8b9e4e44e824014e45025a7f0032','MSIE 8.0','更新成功',5,'10.10.11.30','2015-06-30 23:07:39',1,'40283f824d840865014d840902590044'),('8a8a8b9e4e44e824014e45026e000033','MSIE 8.0','更新成功',5,'10.10.11.30','2015-06-30 23:07:44',1,'40283f824d840865014d840902590044'),('8a8a8b9e4e44e824014e45027a7f0034','MSIE 8.0','更新成功',5,'10.10.11.30','2015-06-30 23:07:47',1,'40283f824d840865014d840902590044'),('8a8a8b9e4e44e824014e4502911c0035','MSIE 8.0','更新成功',5,'10.10.11.30','2015-06-30 23:07:52',1,'40283f824d840865014d840902590044'),('8a8a8b9e4e44e824014e45029ed30036','MSIE 8.0','更新成功',5,'10.10.11.30','2015-06-30 23:07:56',1,'40283f824d840865014d840902590044'),('8a8a8b9e4e44e824014e4502b3020037','MSIE 8.0','更新成功',5,'10.10.11.30','2015-06-30 23:08:01',1,'40283f824d840865014d840902590044'),('8a8a8b9e4e44e824014e4502c75e0038','MSIE 8.0','更新成功',5,'10.10.11.30','2015-06-30 23:08:06',1,'40283f824d840865014d840902590044'),('8a8a8b9e4e44e824014e4503812d0039','MSIE 8.0','存储设备管理删除成功',4,'10.10.11.30','2015-06-30 23:08:54',1,'40283f824d840865014d840902590044'),('8a8a8b9e4e44e824014e4503a9e4003a','MSIE 8.0','通道管理删除成功',4,'10.10.11.30','2015-06-30 23:09:04',1,'40283f824d840865014d840902590044'),('8a8a8b9e4e44e824014e4503e33d003b','MSIE 8.0','通道管理更新成功',5,'10.10.11.30','2015-06-30 23:09:19',1,'40283f824d840865014d840902590044'),('8a8a8b9e4e44e824014e4504678f003c','MSIE 8.0','采集终端管理更新成功',5,'10.10.11.30','2015-06-30 23:09:53',1,'40283f824d840865014d840902590044'),('8a8a8b9e4e44e824014e45047ae1003d','MSIE 8.0','采集终端管理删除成功',4,'10.10.11.30','2015-06-30 23:09:58',1,'40283f824d840865014d840902590044'),('8a8a8b9e4e44e824014e450488c7003e','MSIE 8.0','采集终端管理删除成功',4,'10.10.11.30','2015-06-30 23:10:01',1,'40283f824d840865014d840902590044'),('8a8a8b9e4e44e824014e4504f76e003f','MSIE 8.0','客户信息管理更新成功',5,'10.10.11.30','2015-06-30 23:10:30',1,'40283f824d840865014d840902590044'),('8a8a8b9e4e44e824014e450519560040','MSIE 8.0','客户信息管理更新成功',5,'10.10.11.30','2015-06-30 23:10:38',1,'40283f824d840865014d840902590044'),('8a8a8b9e4e44e824014e4505293f0041','MSIE 8.0','客户信息管理删除成功',4,'10.10.11.30','2015-06-30 23:10:43',1,'40283f824d840865014d840902590044'),('8a8a8b9e4e44e824014e4505332f0042','MSIE 8.0','客户信息管理删除成功',4,'10.10.11.30','2015-06-30 23:10:45',1,'40283f824d840865014d840902590044'),('8a8a8b9e4e44e824014e450573110043','MSIE 8.0','业务类型删除成功',4,'10.10.11.30','2015-06-30 23:11:01',1,'40283f824d840865014d840902590044'),('8a8a8b9e4e44e824014e4505b5050044','MSIE 8.0','删除成功',4,'10.10.11.30','2015-06-30 23:11:18',1,'40283f824d840865014d840902590044'),('8a8a8b9e4e44e824014e4505c02d0045','MSIE 8.0','删除成功',4,'10.10.11.30','2015-06-30 23:11:21',1,'40283f824d840865014d840902590044'),('8a8a8b9e4e44e824014e450614e20046','MSIE 8.0','更新成功',5,'10.10.11.30','2015-06-30 23:11:43',1,'40283f824d840865014d840902590044'),('8a8a8b9e4e44e824014e4506970d0049','MSIE 8.0','添加成功',3,'10.10.11.30','2015-06-30 23:12:16',1,'40283f824d840865014d840902590044'),('8a8a8b9e4e44e824014e4506b24b004a','MSIE 8.0','删除成功',4,'10.10.11.30','2015-06-30 23:12:23',1,'40283f824d840865014d840902590044'),('8a8a8b9e4e44e824014e4506c198004b','MSIE 8.0','删除成功',4,'10.10.11.30','2015-06-30 23:12:27',1,'40283f824d840865014d840902590044'),('8a8a8b9e4e44e824014e4506d23b004c','MSIE 8.0','删除成功',4,'10.10.11.30','2015-06-30 23:12:31',1,'40283f824d840865014d840902590044'),('8a8a8b9e4e4509bc014e450a4a150000','MSIE 8.0','用户: admin[山东省农业银行]登录成功',1,'10.10.11.30','2015-06-30 23:16:19',1,'40283f824d840865014d840902590044'),('8a8a8b9e4e4509bc014e450a94fc0001','MSIE 8.0','更新成功',5,'10.10.11.30','2015-06-30 23:16:38',1,'40283f824d840865014d840902590044'),('8a8a8b9e4e4509bc014e450aa7c20002','MSIE 8.0','更新成功',5,'10.10.11.30','2015-06-30 23:16:43',1,'40283f824d840865014d840902590044'),('8a8a8b9e4e4509bc014e450ab9ae0003','MSIE 8.0','更新成功',5,'10.10.11.30','2015-06-30 23:16:47',1,'40283f824d840865014d840902590044'),('8a8a8b9e4e4509bc014e450afb800006','MSIE 8.0','添加成功',3,'10.10.11.30','2015-06-30 23:17:04',1,'40283f824d840865014d840902590044'),('8a8a8b9e4e4509bc014e45113ce80009','MSIE 8.0','添加成功',3,'10.10.11.30','2015-06-30 23:23:54',1,'40283f824d840865014d840902590044'),('8a8a8b9e4e4509bc014e4513816b000a','MSIE 8.0','用户admin已退出',2,'10.10.11.30','2015-06-30 23:26:23',1,'40283f824d840865014d840902590044'),('8a8a8b9e4e4509bc014e4513a217000b','MSIE 8.0','用户: admin[山东省农业银行]登录成功',1,'10.10.11.30','2015-06-30 23:26:31',1,'40283f824d840865014d840902590044'),('8a8a8b9e4e4509bc014e451507e5000c','MSIE 8.0','更新成功',5,'10.10.11.30','2015-06-30 23:28:03',1,'40283f824d840865014d840902590044'),('8a8a8b9e4e4509bc014e451581c0000f','MSIE 8.0','添加成功',3,'10.10.11.30','2015-06-30 23:28:34',1,'40283f824d840865014d840902590044'),('8a8a8b9e4e4509bc014e4517e1690012','MSIE 8.0','添加成功',3,'10.10.11.30','2015-06-30 23:31:09',1,'40283f824d840865014d840902590044'),('8a8a8b9e4e4509bc014e451a0dd70015','MSIE 8.0','添加成功',3,'10.10.11.30','2015-06-30 23:33:32',1,'40283f824d840865014d840902590044'),('8a8a8b9e4e4509bc014e451a91e60016','MSIE 8.0','更新成功',5,'10.10.11.30','2015-06-30 23:34:06',1,'40283f824d840865014d840902590044'),('8a8a8b9e4e4509bc014e451aac8b0017','MSIE 8.0','更新成功',5,'10.10.11.30','2015-06-30 23:34:12',1,'40283f824d840865014d840902590044'),('8a8a8b9e4e4509bc014e451abb9a0018','MSIE 8.0','更新成功',5,'10.10.11.30','2015-06-30 23:34:16',1,'40283f824d840865014d840902590044'),('8a8a8b9e4e4509bc014e451af18c0019','MSIE 8.0','更新成功',5,'10.10.11.30','2015-06-30 23:34:30',1,'40283f824d840865014d840902590044'),('8a8a8b9e4e451ce1014e451d9df00000','MSIE 8.0','用户: admin[山东省农业银行]登录成功',1,'10.10.11.30','2015-06-30 23:37:25',1,'40283f824d840865014d840902590044'),('8a8a8b9e4e451ce1014e451dda3d0001','MSIE 8.0','更新成功',5,'10.10.11.30','2015-06-30 23:37:41',1,'40283f824d840865014d840902590044'),('8a8a8b9e4e451ce1014e451e06fe0002','MSIE 8.0','更新成功',5,'10.10.11.30','2015-06-30 23:37:52',1,'40283f824d840865014d840902590044'),('8a8a8b9e4e451f9f014e451ff6980000','MSIE 8.0','用户: admin[山东省农业银行]登录成功',1,'10.10.11.30','2015-06-30 23:39:59',1,'40283f824d840865014d840902590044'),('8a8a8b9e4e451f9f014e45204f8c0001','MSIE 8.0','更新成功',5,'10.10.11.30','2015-06-30 23:40:22',1,'40283f824d840865014d840902590044'),('8a8a8b9e4e451f9f014e45205f160002','MSIE 8.0','更新成功',5,'10.10.11.30','2015-06-30 23:40:26',1,'40283f824d840865014d840902590044'),('8a8a8b9e4e451f9f014e45207aac0003','MSIE 8.0','更新成功',5,'10.10.11.30','2015-06-30 23:40:33',1,'40283f824d840865014d840902590044'),('8a8a8b9e4e451f9f014e4520c7d00004','MSIE 8.0','更新成功',5,'10.10.11.30','2015-06-30 23:40:53',1,'40283f824d840865014d840902590044'),('8a8a8b9e4e451f9f014e45226dcd0007','MSIE 8.0','添加成功',3,'10.10.11.30','2015-06-30 23:42:41',1,'40283f824d840865014d840902590044'),('8a8a8b9e4e451f9f014e452280930008','MSIE 8.0','更新成功',5,'10.10.11.30','2015-06-30 23:42:45',1,'40283f824d840865014d840902590044'),('8a8a8b9e4e451f9f014e4522bae90009','MSIE 8.0','更新成功',5,'10.10.11.30','2015-06-30 23:43:00',1,'40283f824d840865014d840902590044'),('8a8a8b9e4e452628014e45267b3f0000','MSIE 8.0','用户: admin[山东省农业银行]登录成功',1,'10.10.11.30','2015-06-30 23:47:06',1,'40283f824d840865014d840902590044'),('8a8a8b9e4e452628014e4526a87d0001','MSIE 8.0','更新成功',5,'10.10.11.30','2015-06-30 23:47:18',1,'40283f824d840865014d840902590044'),('8a8a8b9e4e452628014e4526bd690002','MSIE 8.0','更新成功',5,'10.10.11.30','2015-06-30 23:47:23',1,'40283f824d840865014d840902590044'),('8ac7b6e74e386b4e014e386ba9030000','MSIE 9.0','用户: admin[山东省农业银行]登录成功',1,'192.168.191.1','2015-06-28 12:27:36',1,'40283f824d840865014d840902590044'),('8ac7b6e74e386b4e014e386c953a0001','MSIE 9.0','存储设备管理更新成功',5,'192.168.191.1','2015-06-28 12:28:37',1,'40283f824d840865014d840902590044'),('8ac7b6e74e386b4e014e387025180002','Chrome','用户: admin[山东省农业银行]登录成功',1,'192.168.191.1','2015-06-28 12:32:30',1,'40283f824d840865014d840902590044'),('8ac7b6e74e386b4e014e3874d1c30004','Chrome','存储设备管理添加成功',3,'192.168.191.1','2015-06-28 12:37:36',1,'40283f824d840865014d840902590044'),('ff8080814da47468014da474ea3d0000','MSIE 8.0','用户: admin[信息中心]登录成功',1,'127.0.0.1','2015-05-30 18:53:55',1,'40283f824d840865014d840902590044'),('ff8080814da47468014da47b4cc20002','MSIE 8.0','权限: 存储设备管理被添加成功',3,'127.0.0.1','2015-05-30 19:00:53',1,'40283f824d840865014d840902590044'),('ff8080814da47468014da47c243c0003','MSIE 8.0','权限: 理财业务被更新成功',5,'127.0.0.1','2015-05-30 19:01:48',1,'40283f824d840865014d840902590044'),('ff8080814da47468014da47c36470004','MSIE 8.0','权限: 理财业务被删除成功',4,'127.0.0.1','2015-05-30 19:01:53',1,'40283f824d840865014d840902590044'),('ff8080814da47468014da47c89390006','MSIE 8.0','权限: 理财业务被添加成功',3,'127.0.0.1','2015-05-30 19:02:14',1,'40283f824d840865014d840902590044'),('ff8080814da47468014da47d36870008','MSIE 8.0','权限: 基础数据被添加成功',3,'127.0.0.1','2015-05-30 19:02:58',1,'40283f824d840865014d840902590044'),('ff8080814da47468014da47d869c000a','MSIE 8.0','权限: 基础数据被添加成功',3,'127.0.0.1','2015-05-30 19:03:19',1,'40283f824d840865014d840902590044'),('ff8080814da47468014da47dd145000c','MSIE 8.0','权限: 存储设备管理被添加成功',3,'127.0.0.1','2015-05-30 19:03:38',1,'40283f824d840865014d840902590044'),('ff8080814da47468014da47e4c210010','MSIE 8.0','用户admin已退出',2,'127.0.0.1','2015-05-30 19:04:10',1,'40283f824d840865014d840902590044'),('ff8080814da47468014da47e87650011','MSIE 8.0','用户: admin[信息中心]登录成功',1,'127.0.0.1','2015-05-30 19:04:25',1,'40283f824d840865014d840902590044'),('ff8080814da47468014da47f6fdf0013','MSIE 8.0','用户: hu更新成功',5,'127.0.0.1','2015-05-30 19:05:24',1,'40283f824d840865014d840902590044'),('ff8080814da47468014da47f7fc60014','MSIE 8.0','用户admin已退出',2,'127.0.0.1','2015-05-30 19:05:28',1,'40283f824d840865014d840902590044'),('ff8080814da47468014da47fb1000015','MSIE 8.0','用户: hu[济南市银行]登录成功',1,'127.0.0.1','2015-05-30 19:05:41',1,'8a2380e34d9ae790014d9b043596002a'),('ff8080814da47468014da482241e0016','MSIE 8.0','用户hu已退出',2,'127.0.0.1','2015-05-30 19:08:21',1,'8a2380e34d9ae790014d9b043596002a'),('ff8080814da47468014da48253ae0017','MSIE 8.0','用户: admin[信息中心]登录成功',1,'127.0.0.1','2015-05-30 19:08:34',1,'40283f824d840865014d840902590044'),('ff8080814daf825f014daf82f8a20000','MSIE 8.0','用户: admin[信息中心]登录成功',1,'127.0.0.1','2015-06-01 22:25:05',1,'40283f824d840865014d840902590044'),('ff8080814daf825f014daf8560260005','MSIE 8.0','课程添加成功',3,'127.0.0.1','2015-06-01 22:27:43',1,'40283f824d840865014d840902590044'),('ff8080814daf9290014daf937f5c0000','MSIE 8.0','用户: admin[信息中心]登录成功',1,'127.0.0.1','2015-06-01 22:43:08',1,'40283f824d840865014d840902590044'),('ff8080814dafb920014dafb992450000','MSIE 8.0','用户: admin[信息中心]登录成功',1,'127.0.0.1','2015-06-01 23:24:43',1,'40283f824d840865014d840902590044'),('ff8080814dafb920014dafba14a2000c','MSIE 8.0','用户admin已退出',2,'127.0.0.1','2015-06-01 23:25:17',1,'40283f824d840865014d840902590044'),('ff8080814dafb920014dafba372d000d','MSIE 8.0','用户: admin[信息中心]登录成功',1,'127.0.0.1','2015-06-01 23:25:26',1,'40283f824d840865014d840902590044'),('ff8080814dafbe4b014dafbefe310000','MSIE 8.0','用户: admin[信息中心]登录成功',1,'127.0.0.1','2015-06-01 23:30:39',1,'40283f824d840865014d840902590044'),('ff8080814dafbe4b014dafbf6c920002','MSIE 8.0','存储设备管理添加成功',3,'127.0.0.1','2015-06-01 23:31:07',1,'40283f824d840865014d840902590044'),('ff8080814dafc33d014dafc3b5cf0000','MSIE 8.0','用户: admin[信息中心]登录成功',1,'127.0.0.1','2015-06-01 23:35:48',1,'40283f824d840865014d840902590044'),('ff8080814db179ca014db17a94720000','MSIE 8.0','用户: admin[信息中心]登录成功',1,'127.0.0.1','2015-06-02 07:35:10',1,'40283f824d840865014d840902590044'),('ff8080814db179ca014db1846eb00001','MSIE 8.0','权限: 业务类型被更新成功',5,'127.0.0.1','2015-06-02 07:45:55',1,'40283f824d840865014d840902590044'),('ff8080814db179ca014db184c0490002','MSIE 8.0','用户admin已退出',2,'127.0.0.1','2015-06-02 07:46:16',1,'40283f824d840865014d840902590044'),('ff8080814db179ca014db184e02f0003','MSIE 8.0','用户: admin[信息中心]登录成功',1,'127.0.0.1','2015-06-02 07:46:24',1,'40283f824d840865014d840902590044'),('ff8080814db1877b014db187ef7c0000','MSIE 8.0','用户: admin[信息中心]登录成功',1,'127.0.0.1','2015-06-02 07:49:45',1,'40283f824d840865014d840902590044'),('ff8080814dc78bff014dc78cca6a0000','MSIE 8.0','用户: admin[信息中心]登录成功',1,'127.0.0.1','2015-06-06 14:26:42',1,'40283f824d840865014d840902590044'),('ff8080814dc78bff014dc793b8a60001','MSIE 8.0','业务类型更新成功',5,'127.0.0.1','2015-06-06 14:34:16',1,'40283f824d840865014d840902590044'),('ff8080814dc7acc3014dc7ad1d3b0000','MSIE 8.0','用户: admin[信息中心]登录成功',1,'127.0.0.1','2015-06-06 15:02:00',1,'40283f824d840865014d840902590044'),('ff8080814dc7c668014dc7c6de7c0000','MSIE 8.0','用户: admin[信息中心]登录成功',1,'127.0.0.1','2015-06-06 15:30:08',1,'40283f824d840865014d840902590044'),('ff8080814dc7c9ac014dc7c9e1980000','MSIE 8.0','用户: admin[信息中心]登录成功',1,'127.0.0.1','2015-06-06 15:33:26',1,'40283f824d840865014d840902590044'),('ff8080814dc7cc9f014dc7cd27020000','MSIE 8.0','用户: admin[信息中心]登录成功',1,'127.0.0.1','2015-06-06 15:37:00',1,'40283f824d840865014d840902590044'),('ff8080814dc7cc9f014dc7d523660002','MSIE 8.0','权限: 111222被添加成功',3,'127.0.0.1','2015-06-06 15:45:43',1,'40283f824d840865014d840902590044'),('ff8080814dc7cc9f014dc7d5672c0004','MSIE 8.0','权限: 12212121被添加成功',3,'127.0.0.1','2015-06-06 15:46:01',1,'40283f824d840865014d840902590044'),('ff8080814dc7cc9f014dc7d5a2e80005','MSIE 8.0','权限: 111222被更新成功',5,'127.0.0.1','2015-06-06 15:46:16',1,'40283f824d840865014d840902590044'),('ff8080814dc7cc9f014dc7d912bd0006','MSIE 8.0','用户: admin[信息中心]登录成功',1,'127.0.0.1','2015-06-06 15:50:01',1,'40283f824d840865014d840902590044'),('ff8080814dc7cc9f014dc7d979620007','MSIE 8.0','权限: 一级业务被更新成功',5,'127.0.0.1','2015-06-06 15:50:27',1,'40283f824d840865014d840902590044'),('ff8080814dc7cc9f014dc7d9a6880008','MSIE 8.0','权限: 二级业务被更新成功',5,'127.0.0.1','2015-06-06 15:50:39',1,'40283f824d840865014d840902590044'),('ff8080814dc7cc9f014dc7d9eb8d000a','MSIE 8.0','权限: 三级业务被添加成功',3,'127.0.0.1','2015-06-06 15:50:57',1,'40283f824d840865014d840902590044'),('ff8080814dc7cc9f014dc7daa3c0000b','MSIE 8.0','用户: admin[信息中心]登录成功',1,'127.0.0.1','2015-06-06 15:51:44',1,'40283f824d840865014d840902590044'),('ff8080814dc7e342014dc7e37f000000','MSIE 8.0','用户: admin[信息中心]登录成功',1,'127.0.0.1','2015-06-06 16:01:24',1,'40283f824d840865014d840902590044'),('ff8080814dc7e75a014dc7e798bb0000','MSIE 8.0','用户: admin[信息中心]登录成功',1,'127.0.0.1','2015-06-06 16:05:53',1,'40283f824d840865014d840902590044'),('ff8080814dc7e75a014dc7e7cf450002','MSIE 8.0','权限: 13333被添加成功',3,'127.0.0.1','2015-06-06 16:06:07',1,'40283f824d840865014d840902590044'),('ff8080814dc7e75a014dc7e858d70004','MSIE 8.0','权限: aaaaaa被添加成功',3,'127.0.0.1','2015-06-06 16:06:42',1,'40283f824d840865014d840902590044'),('ff8080814dc7e99c014dc7e9e11a0000','MSIE 8.0','用户: admin[信息中心]登录成功',1,'127.0.0.1','2015-06-06 16:08:23',1,'40283f824d840865014d840902590044'),('ff8080814dc7e99c014dc7ea22310002','MSIE 8.0','权限: fffaaa被添加成功',3,'127.0.0.1','2015-06-06 16:08:39',1,'40283f824d840865014d840902590044'),('ff8080814dc7eafc014dc7eb39160000','MSIE 8.0','用户: admin[信息中心]登录成功',1,'127.0.0.1','2015-06-06 16:09:51',1,'40283f824d840865014d840902590044'),('ff8080814dc7eafc014dc7eb5e530001','MSIE 8.0','权限: 一级业务被删除成功',4,'127.0.0.1','2015-06-06 16:10:00',1,'40283f824d840865014d840902590044'),('ff8080814dc7eafc014dc7eb6cd50002','MSIE 8.0','权限: aaaaaa被删除成功',4,'127.0.0.1','2015-06-06 16:10:04',1,'40283f824d840865014d840902590044'),('ff8080814dc7edd3014dc7ee80520000','MSIE 8.0','用户: admin[信息中心]登录成功',1,'127.0.0.1','2015-06-06 16:13:25',1,'40283f824d840865014d840902590044'),('ff8080814dc7ef3f014dc7ef74da0000','MSIE 8.0','用户: admin[信息中心]登录成功',1,'127.0.0.1','2015-06-06 16:14:28',1,'40283f824d840865014d840902590044'),('ff8080814dc7ef3f014dc7efc4010002','MSIE 8.0','权限: fffaaa1被添加成功',3,'127.0.0.1','2015-06-06 16:14:48',1,'40283f824d840865014d840902590044'),('ff8080814dce3550014dce3735d60000','MSIE 8.0','用户: admin[信息中心]登录成功',1,'127.0.0.1','2015-06-07 21:30:34',1,'40283f824d840865014d840902590044'),('ff8080814dce3550014dce380b450003','MSIE 8.0','添加成功',3,'127.0.0.1','2015-06-07 21:31:28',1,'40283f824d840865014d840902590044'),('ff8080814dce391d014dce3d00a40000','MSIE 8.0','用户: admin[信息中心]登录成功',1,'127.0.0.1','2015-06-07 21:36:53',1,'40283f824d840865014d840902590044'),('ff8080814dce391d014dce3df0fe0003','MSIE 8.0','添加成功',3,'127.0.0.1','2015-06-07 21:37:55',1,'40283f824d840865014d840902590044'),('ff8080814dce391d014dce3ee95a0004','MSIE 8.0','更新成功',5,'127.0.0.1','2015-06-07 21:38:59',1,'40283f824d840865014d840902590044'),('ff8080814dce48f9014dce4959a20000','MSIE 8.0','用户: admin[信息中心]登录成功',1,'127.0.0.1','2015-06-07 21:50:23',1,'40283f824d840865014d840902590044'),('ff8080814dce4fa2014dce5113140000','MSIE 8.0','用户: admin[信息中心]登录成功',1,'127.0.0.1','2015-06-07 21:58:49',1,'40283f824d840865014d840902590044'),('ff8080814dce4fa2014dce5562870001','MSIE 8.0','更新成功',5,'127.0.0.1','2015-06-07 22:03:31',1,'40283f824d840865014d840902590044'),('ff8080814dce4fa2014dce56c8ad0002','MSIE 8.0','更新成功',5,'127.0.0.1','2015-06-07 22:05:03',1,'40283f824d840865014d840902590044'),('ff8080814dce5d4d014dce5dbcef0000','MSIE 8.0','用户: admin[信息中心]登录成功',1,'127.0.0.1','2015-06-07 22:12:39',1,'40283f824d840865014d840902590044'),('ff8080814dce612f014dce61d4ed0000','MSIE 8.0','用户: admin[信息中心]登录成功',1,'127.0.0.1','2015-06-07 22:17:07',1,'40283f824d840865014d840902590044'),('ff8080814dce612f014dce62ae9d0003','MSIE 8.0','添加成功',3,'127.0.0.1','2015-06-07 22:18:03',1,'40283f824d840865014d840902590044'),('ff8080814dce612f014dce63f1a30008','MSIE 8.0','添加成功',3,'127.0.0.1','2015-06-07 22:19:25',1,'40283f824d840865014d840902590044'),('ff8080814dce72ec014dce73460b0000','MSIE 8.0','用户: admin[信息中心]登录成功',1,'127.0.0.1','2015-06-07 22:36:10',1,'40283f824d840865014d840902590044'),('ff8080814dce72ec014dce73b9f10002','MSIE 8.0','更新成功',5,'127.0.0.1','2015-06-07 22:36:40',1,'40283f824d840865014d840902590044'),('ff8080814dce72ec014dce741a440006','MSIE 8.0','添加成功',3,'127.0.0.1','2015-06-07 22:37:04',1,'40283f824d840865014d840902590044'),('ff8080814dce72ec014dce833fbd000a','MSIE 8.0','添加成功',3,'127.0.0.1','2015-06-07 22:53:37',1,'40283f824d840865014d840902590044'),('ff8080814dce72ec014dce834e9e000b','MSIE 8.0','删除成功',4,'127.0.0.1','2015-06-07 22:53:41',1,'40283f824d840865014d840902590044'),('ff8080814dce72ec014dce835784000c','MSIE 8.0','删除成功',4,'127.0.0.1','2015-06-07 22:53:43',1,'40283f824d840865014d840902590044'),('ff8080814dce72ec014dce854519000d','MSIE 8.0','更新成功',5,'127.0.0.1','2015-06-07 22:55:50',1,'40283f824d840865014d840902590044'),('ff8080814dce72ec014dce856c1a000e','MSIE 8.0','删除成功',4,'127.0.0.1','2015-06-07 22:56:00',1,'40283f824d840865014d840902590044'),('ff8080814dce72ec014dce857436000f','MSIE 8.0','删除成功',4,'127.0.0.1','2015-06-07 22:56:02',1,'40283f824d840865014d840902590044'),('ff8080814dce72ec014dce8689970010','MSIE 8.0','采集终端管理更新成功',5,'127.0.0.1','2015-06-07 22:57:13',1,'40283f824d840865014d840902590044'),('ff8080814dce72ec014dce86adff0011','MSIE 8.0','采集终端管理更新成功',5,'127.0.0.1','2015-06-07 22:57:22',1,'40283f824d840865014d840902590044'),('ff8080814dce72ec014dce86e06c0012','MSIE 8.0','采集终端管理更新成功',5,'127.0.0.1','2015-06-07 22:57:35',1,'40283f824d840865014d840902590044'),('ff8080814dce72ec014dce87199d0013','MSIE 8.0','采集终端管理更新成功',5,'127.0.0.1','2015-06-07 22:57:49',1,'40283f824d840865014d840902590044'),('ff8080814dd2e3a0014dd2e454350000','MSIE 8.0','用户: admin[信息中心]登录成功',1,'127.0.0.1','2015-06-08 19:18:08',1,'40283f824d840865014d840902590044'),('ff8080814dd2f660014dd2f6ade30000','MSIE 8.0','用户: admin[信息中心]登录成功',1,'127.0.0.1','2015-06-08 19:38:11',1,'40283f824d840865014d840902590044'),('ff8080814dd2fa92014dd2fad0b20000','MSIE 8.0','用户: admin[信息中心]登录成功',1,'127.0.0.1','2015-06-08 19:42:42',1,'40283f824d840865014d840902590044'),('ff8080814dd2fae9014dd2fb1c900000','MSIE 8.0','用户: admin[信息中心]登录成功',1,'127.0.0.1','2015-06-08 19:43:01',1,'40283f824d840865014d840902590044'),('ff8080814dd30536014dd3057da70000','MSIE 8.0','用户: admin[信息中心]登录成功',1,'127.0.0.1','2015-06-08 19:54:21',1,'40283f824d840865014d840902590044'),('ff8080814dd315a0014dd31632aa0000','MSIE 8.0','用户: admin[信息中心]登录成功',1,'127.0.0.1','2015-06-08 20:12:36',1,'40283f824d840865014d840902590044'),('ff8080814dd31846014dd31892830000','MSIE 8.0','用户: admin[信息中心]登录成功',1,'127.0.0.1','2015-06-08 20:15:12',1,'40283f824d840865014d840902590044'),('ff8080814dd323bb014dd37a393b0000','MSIE 8.0','用户: admin[信息中心]登录成功',1,'127.0.0.1','2015-06-08 22:01:52',1,'40283f824d840865014d840902590044'),('ff8080814dd37f41014dd37f90c70000','MSIE 8.0','用户: admin[信息中心]登录成功',1,'127.0.0.1','2015-06-08 22:07:42',1,'40283f824d840865014d840902590044'),('ff8080814dd37f41014dd386ac0e0003','MSIE 8.0','业务类型添加成功',3,'127.0.0.1','2015-06-08 22:15:28',1,'40283f824d840865014d840902590044'),('ff8080814dd37f41014dd387d2ef0004','MSIE 8.0','用户admin已退出',2,'127.0.0.1','2015-06-08 22:16:43',1,'40283f824d840865014d840902590044'),('ff8080814dd37f41014dd387f7f80005','MSIE 8.0','用户: admin[信息中心]登录成功',1,'127.0.0.1','2015-06-08 22:16:52',1,'40283f824d840865014d840902590044'),('ff8080814dd38a79014dd38acd9c0000','MSIE 8.0','用户: admin[信息中心]登录成功',1,'127.0.0.1','2015-06-08 22:19:58',1,'40283f824d840865014d840902590044'),('ff8080814dd3903a014dd39082ce0000','MSIE 8.0','用户: admin[信息中心]登录成功',1,'127.0.0.1','2015-06-08 22:26:12',1,'40283f824d840865014d840902590044'),('ff8080814dd3903a014dd394c2310002','MSIE 8.0','业务类型添加成功',3,'127.0.0.1','2015-06-08 22:30:51',1,'40283f824d840865014d840902590044'),('ff8080814dd3a31f014dd3a36c890000','MSIE 8.0','用户: admin[信息中心]登录成功',1,'127.0.0.1','2015-06-08 22:46:52',1,'40283f824d840865014d840902590044'),('ff8080814dd3aa1a014dd3aa8c320000','MSIE 8.0','用户: admin[信息中心]登录成功',1,'127.0.0.1','2015-06-08 22:54:39',1,'40283f824d840865014d840902590044'),('ff8080814dd3aec3014dd3af004a0000','MSIE 8.0','用户: admin[信息中心]登录成功',1,'127.0.0.1','2015-06-08 22:59:31',1,'40283f824d840865014d840902590044'),('ff8080814dd3b4b2014dd3b4f02f0000','MSIE 8.0','用户: admin[信息中心]登录成功',1,'127.0.0.1','2015-06-08 23:06:00',1,'40283f824d840865014d840902590044'),('ff8080814dd3ba43014dd3bb32400000','MSIE 8.0','用户: admin[信息中心]登录成功',1,'127.0.0.1','2015-06-08 23:12:50',1,'40283f824d840865014d840902590044'),('ff8080814dd3bd81014dd3be0fea0000','MSIE 8.0','用户: admin[信息中心]登录成功',1,'127.0.0.1','2015-06-08 23:15:58',1,'40283f824d840865014d840902590044'),('ff8080814dd3bd81014dd3be62be0002','MSIE 8.0','业务类型: 1被添加成功',3,'127.0.0.1','2015-06-08 23:16:19',1,'40283f824d840865014d840902590044'),('ff8080814dd3bd81014dd3be9c8c0004','MSIE 8.0','业务类型: 11123被添加成功',3,'127.0.0.1','2015-06-08 23:16:34',1,'40283f824d840865014d840902590044'),('ff8080814dd3bd81014dd3bfebbd0005','MSIE 8.0','业务类型: 111236被更新成功',5,'127.0.0.1','2015-06-08 23:17:59',1,'40283f824d840865014d840902590044'),('ff8080814dd3bd81014dd3c044120006','MSIE 8.0','业务类型: 111236被更新成功',5,'127.0.0.1','2015-06-08 23:18:22',1,'40283f824d840865014d840902590044'),('ff8080814dd3bd81014dd3c0628c0007','MSIE 8.0','业务类型删除成功',4,'127.0.0.1','2015-06-08 23:18:30',1,'40283f824d840865014d840902590044'),('ff8080814dd3bd81014dd3c0a9a60009','MSIE 8.0','业务类型: 11111被添加成功',3,'127.0.0.1','2015-06-08 23:18:48',1,'40283f824d840865014d840902590044'),('ff8080814dd3bd81014dd3c14f5e000a','MSIE 8.0','业务类型: 111112被更新成功',5,'127.0.0.1','2015-06-08 23:19:30',1,'40283f824d840865014d840902590044'),('ff8080814dd3cad6014dd3cb1de30000','MSIE 8.0','用户: admin[信息中心]登录成功',1,'127.0.0.1','2015-06-08 23:30:13',1,'40283f824d840865014d840902590044'),('ff8080814dd3cad6014dd3cbfea20002','MSIE 8.0','业务类型: mc被添加成功',3,'127.0.0.1','2015-06-08 23:31:11',1,'40283f824d840865014d840902590044'),('ff8080814dd3cad6014dd3d25feb0004','MSIE 8.0','业务类型: sfafafaf被添加成功',3,'192.168.43.140','2015-06-08 23:38:09',1,'40283f824d840865014d840902590044'),('ff8080814dd3e65a014dd3e6c3cc0000','MSIE 8.0','用户: admin[信息中心]登录成功',1,'127.0.0.1','2015-06-09 00:00:25',1,'40283f824d840865014d840902590044'),('ff8080814dd3e65a014dd3e724660001','MSIE 8.0','业务类型: mc被更新成功',5,'127.0.0.1','2015-06-09 00:00:50',1,'40283f824d840865014d840902590044'),('ff8080814dd3ea11014dd3eac5860000','MSIE 8.0','用户: admin[信息中心]登录成功',1,'127.0.0.1','2015-06-09 00:04:48',1,'40283f824d840865014d840902590044'),('ff8080814dd3f211014dd3f3460d0000','MSIE 8.0','用户: admin[信息中心]登录成功',1,'127.0.0.1','2015-06-09 00:14:05',1,'40283f824d840865014d840902590044'),('ff8080814dd3f211014dd3f393f80002','MSIE 8.0','业务类型: ddd被添加成功',3,'127.0.0.1','2015-06-09 00:14:25',1,'40283f824d840865014d840902590044'),('ff8080814dd3f211014dd3f40c840004','MSIE 8.0','业务类型: ss被添加成功',3,'127.0.0.1','2015-06-09 00:14:56',1,'40283f824d840865014d840902590044'),('ff8080814dd3f211014dd3f4dc500005','MSIE 8.0','业务类型: ss被更新成功',5,'127.0.0.1','2015-06-09 00:15:49',1,'40283f824d840865014d840902590044'),('ff8080814dd3f581014dd3f763470000','MSIE 8.0','用户: admin[信息中心]登录成功',1,'127.0.0.1','2015-06-09 00:18:34',1,'40283f824d840865014d840902590044'),('ff8080814dd4065a014dd406b07f0000','MSIE 8.0','用户: admin[信息中心]登录成功',1,'127.0.0.1','2015-06-09 00:35:17',1,'40283f824d840865014d840902590044'),('ff8080814dd4065a014dd406eb3f0002','MSIE 8.0','业务类型: 12被添加成功',3,'127.0.0.1','2015-06-09 00:35:32',1,'40283f824d840865014d840902590044'),('ff8080814dd4065a014dd40708050004','MSIE 8.0','业务类型: 22被添加成功',3,'127.0.0.1','2015-06-09 00:35:40',1,'40283f824d840865014d840902590044'),('ff8080814dd4065a014dd4073d0d0005','MSIE 8.0','业务类型: 22被更新成功',5,'127.0.0.1','2015-06-09 00:35:53',1,'40283f824d840865014d840902590044'),('ff8080814dd4065a014dd409d7150006','MSIE 8.0','业务类型: 221被更新成功',5,'127.0.0.1','2015-06-09 00:38:44',1,'40283f824d840865014d840902590044'),('ff8080814dd4065a014dd40a04ca0007','MSIE 8.0','业务类型: 221被更新成功',5,'127.0.0.1','2015-06-09 00:38:55',1,'40283f824d840865014d840902590044'),('ff8080814dd40cbf014dd40d1ad00000','MSIE 8.0','用户: admin[信息中心]登录成功',1,'127.0.0.1','2015-06-09 00:42:18',1,'40283f824d840865014d840902590044'),('ff8080814dd40cbf014dd40f3dfa0002','MSIE 8.0','产品类型添加成功',3,'127.0.0.1','2015-06-09 00:44:38',1,'40283f824d840865014d840902590044'),('ff8080814dd88629014dd886e6f60000','MSIE 8.0','用户: admin[信息中心]登录成功',1,'127.0.0.1','2015-06-09 21:33:49',1,'40283f824d840865014d840902590044'),('ff8080814dd88629014dd887ab360002','MSIE 8.0','权限: 报警中心被添加成功',3,'127.0.0.1','2015-06-09 21:34:39',1,'40283f824d840865014d840902590044'),('ff8080814dd88629014dd8886a3a0003','MSIE 8.0','权限: 报警中心被更新成功',5,'127.0.0.1','2015-06-09 21:35:28',1,'40283f824d840865014d840902590044'),('ff8080814dd88629014dd88ab48a0006','MSIE 8.0','用户admin已退出',2,'127.0.0.1','2015-06-09 21:37:58',1,'40283f824d840865014d840902590044'),('ff8080814dd88629014dd88ad41d0007','MSIE 8.0','用户: admin[信息中心]登录成功',1,'127.0.0.1','2015-06-09 21:38:06',1,'40283f824d840865014d840902590044'),('ff8080814dd89407014dd8944b250000','MSIE 8.0','用户: admin[信息中心]登录成功',1,'127.0.0.1','2015-06-09 21:48:26',1,'40283f824d840865014d840902590044'),('ff8080814dd89d7d014dd89db77d0000','MSIE 8.0','用户: admin[信息中心]登录成功',1,'127.0.0.1','2015-06-09 21:58:44',1,'40283f824d840865014d840902590044'),('ff8080814dd89d7d014dd89eac0b0002','MSIE 8.0','添加成功',3,'127.0.0.1','2015-06-09 21:59:46',1,'40283f824d840865014d840902590044'),('ff8080814deacfb3014dead03c690000','MSIE 8.0','用户: admin[信息中心]登录成功',1,'127.0.0.1','2015-06-13 10:47:05',1,'40283f824d840865014d840902590044'),('ff8080814dead1cf014dead219a60000','MSIE 8.0','用户: admin[信息中心]登录成功',1,'127.0.0.1','2015-06-13 10:49:07',1,'40283f824d840865014d840902590044');
INSERT INTO `t_s_log` VALUES ('ff8080814e1a5834014e1a5888f30000','MSIE 8.0','用户: admin[信息中心]登录成功',1,'127.0.0.1','2015-06-22 16:18:06',1,'40283f824d840865014d840902590044'),('ff8080814e1a5834014e1b16b56b0001','MSIE 8.0','用户: admin[信息中心]登录成功',1,'172.20.10.6','2015-06-22 19:45:49',1,'40283f824d840865014d840902590044'),('ff8080814e1a5834014e1b1765dd0002','MSIE 8.0','权限: 理财登记被更新成功',5,'172.20.10.6','2015-06-22 19:46:35',1,'40283f824d840865014d840902590044'),('ff8080814e1a5834014e1b17aa0c0003','MSIE 8.0','权限: 文件补录被更新成功',5,'172.20.10.6','2015-06-22 19:46:52',1,'40283f824d840865014d840902590044'),('ff8080814e1a5834014e1b17f9f30004','MSIE 8.0','权限: 文件上传查询被更新成功',5,'172.20.10.6','2015-06-22 19:47:13',1,'40283f824d840865014d840902590044'),('ff8080814e1a5834014e1b19a1ee0005','MSIE 8.0','用户admin已退出',2,'172.20.10.6','2015-06-22 19:49:01',1,'40283f824d840865014d840902590044'),('ff8080814e1a5834014e1b19d84b0006','MSIE 8.0','用户: chen[山东省农业银行]登录成功',1,'172.20.10.6','2015-06-22 19:49:15',1,'8a2380e34d9ae790014d9b0397340027'),('ff8080814e1a5834014e1b1a43e70007','MSIE 8.0','用户chen已退出',2,'172.20.10.6','2015-06-22 19:49:43',1,'8a2380e34d9ae790014d9b0397340027'),('ff8080814e1a5834014e1b1a7ac60008','MSIE 8.0','用户: hu[济南市银行]登录成功',1,'172.20.10.6','2015-06-22 19:49:57',1,'8a2380e34d9ae790014d9b043596002a'),('ff8080814e1a5834014e1b1c8ec80009','MSIE 8.0','用户hu已退出',2,'127.0.0.1','2015-06-22 19:52:13',1,'8a2380e34d9ae790014d9b043596002a'),('ff8080814e1a5834014e1b1cb09e000a','MSIE 8.0','用户: admin[信息中心]登录成功',1,'127.0.0.1','2015-06-22 19:52:21',1,'40283f824d840865014d840902590044'),('ff8080814e1a5834014e1b1d6f51000b','Chrome','用户: admin[信息中心]登录成功',1,'127.0.0.1','2015-06-22 19:53:10',1,'40283f824d840865014d840902590044'),('ff8080814e1a5834014e1b305e6d000c','MSIE 8.0','存储设备管理更新成功',5,'127.0.0.1','2015-06-22 20:13:51',1,'40283f824d840865014d840902590044'),('ff8080814e1a5834014e1b30857c000d','MSIE 8.0','存储设备管理删除成功',4,'127.0.0.1','2015-06-22 20:14:01',1,'40283f824d840865014d840902590044'),('ff8080814e1a5834014e1b308db4000e','MSIE 8.0','存储设备管理删除成功',4,'127.0.0.1','2015-06-22 20:14:03',1,'40283f824d840865014d840902590044'),('ff8080814e1a5834014e1b30973f000f','MSIE 8.0','存储设备管理删除成功',4,'127.0.0.1','2015-06-22 20:14:06',1,'40283f824d840865014d840902590044'),('ff8080814e1a5834014e1b30f5400010','MSIE 8.0','存储设备管理更新成功',5,'127.0.0.1','2015-06-22 20:14:30',1,'40283f824d840865014d840902590044'),('ff8080814e1a5834014e1b34dba80011','MSIE 8.0','通道管理更新成功',5,'127.0.0.1','2015-06-22 20:18:45',1,'40283f824d840865014d840902590044'),('ff8080814e1a5834014e1b3569670012','MSIE 8.0','通道管理更新成功',5,'127.0.0.1','2015-06-22 20:19:22',1,'40283f824d840865014d840902590044'),('ff8080814e1a5834014e1b3580800013','MSIE 8.0','通道管理删除成功',4,'127.0.0.1','2015-06-22 20:19:28',1,'40283f824d840865014d840902590044'),('ff8080814e1a5834014e1b35b2430014','MSIE 8.0','通道管理删除成功',4,'127.0.0.1','2015-06-22 20:19:40',1,'40283f824d840865014d840902590044'),('ff8080814e1a5834014e1b3c43660015','MSIE 8.0','采集终端管理更新成功',5,'127.0.0.1','2015-06-22 20:26:51',1,'40283f824d840865014d840902590044'),('ff8080814e1a5834014e1b3c7ad60016','MSIE 8.0','采集终端管理更新成功',5,'127.0.0.1','2015-06-22 20:27:05',1,'40283f824d840865014d840902590044'),('ff8080814e1a5834014e1b3cc63e0017','MSIE 8.0','采集终端管理更新成功',5,'127.0.0.1','2015-06-22 20:27:24',1,'40283f824d840865014d840902590044'),('ff8080814e1a5834014e1b3cd7b30018','MSIE 8.0','采集终端管理删除成功',4,'127.0.0.1','2015-06-22 20:27:29',1,'40283f824d840865014d840902590044'),('ff8080814e1a5834014e1b5016ed0019','MSIE 8.0','业务类型: 传统类被更新成功',5,'172.20.10.6','2015-06-22 20:48:30',1,'40283f824d840865014d840902590044'),('ff8080814e1a5834014e1b506fe2001a','MSIE 8.0','业务类型: 国债被更新成功',5,'172.20.10.6','2015-06-22 20:48:53',1,'40283f824d840865014d840902590044'),('ff8080814e1a5834014e1b50c7a4001b','MSIE 8.0','业务类型: 定存被更新成功',5,'172.20.10.6','2015-06-22 20:49:15',1,'40283f824d840865014d840902590044'),('ff8080814e1a5834014e1b513110001c','MSIE 8.0','业务类型: 保险被更新成功',5,'172.20.10.6','2015-06-22 20:49:42',1,'40283f824d840865014d840902590044'),('ff8080814e1a5834014e1b51a6cb001d','MSIE 8.0','业务类型: 贵金属被更新成功',5,'172.20.10.6','2015-06-22 20:50:12',1,'40283f824d840865014d840902590044'),('ff8080814e1a5834014e1b59fc21001e','MSIE 8.0','客户信息管理更新成功',5,'172.20.10.6','2015-06-22 20:59:18',1,'40283f824d840865014d840902590044'),('ff8080814e1a5834014e1b5a7224001f','MSIE 8.0','客户信息管理更新成功',5,'172.20.10.6','2015-06-22 20:59:49',1,'40283f824d840865014d840902590044'),('ff8080814e1a5834014e1b5a86510020','MSIE 8.0','客户信息管理删除成功',4,'172.20.10.6','2015-06-22 20:59:54',1,'40283f824d840865014d840902590044'),('ff8080814e1a5834014e1b96fa8b0021','MSIE 8.0','用户: admin[信息中心]登录成功',1,'172.20.10.6','2015-06-22 22:05:56',1,'40283f824d840865014d840902590044'),('ff8080814e1f4a81014e1f4b2a060000','MSIE 8.0','用户: admin[信息中心]登录成功',1,'127.0.0.1','2015-06-23 15:21:36',1,'40283f824d840865014d840902590044'),('ff8080814e1f4a81014e1fbe5dbc0001','MSIE 8.0','用户: admin[信息中心]登录成功',1,'127.0.0.1','2015-06-23 17:27:26',1,'40283f824d840865014d840902590044'),('ff8080814e25a3ae014e25b06d500000','MSIE 8.0','用户: admin[信息中心]登录成功',1,'127.0.0.1','2015-06-24 21:09:56',1,'40283f824d840865014d840902590044'),('ff8080814e25a3ae014e25b1cae90001','MSIE 8.0','用户: admin[信息中心]登录成功',1,'127.0.0.1','2015-06-24 21:11:25',1,'40283f824d840865014d840902590044');

#
# Structure for table "t_s_config"
#

DROP TABLE IF EXISTS `t_s_config`;
CREATE TABLE `t_s_config` (
  `ID` varchar(32) NOT NULL,
  `code` varchar(100) DEFAULT NULL,
  `content` longtext,
  `name` varchar(100) NOT NULL,
  `note` longtext,
  `userid` varchar(32) DEFAULT NULL,
  PRIMARY KEY (`ID`),
  KEY `FK_m3q8r50ror4fl7fjkvd82tqgn` (`userid`),
  CONSTRAINT `FK_m3q8r50ror4fl7fjkvd82tqgn` FOREIGN KEY (`userid`) REFERENCES `t_s_user` (`id`)
) ENGINE=InnoDB DEFAULT CHARSET=utf8;

#
# Data for table "t_s_config"
#


#
# Structure for table "t_s_attachment"
#

DROP TABLE IF EXISTS `t_s_attachment`;
CREATE TABLE `t_s_attachment` (
  `ID` varchar(32) NOT NULL,
  `attachmentcontent` longblob,
  `attachmenttitle` varchar(100) DEFAULT NULL,
  `businesskey` varchar(32) DEFAULT NULL,
  `createdate` datetime DEFAULT NULL,
  `extend` varchar(32) DEFAULT NULL,
  `note` longtext,
  `realpath` varchar(100) DEFAULT NULL,
  `subclassname` longtext,
  `swfpath` longtext,
  `BUSENTITYNAME` varchar(100) DEFAULT NULL,
  `INFOTYPEID` varchar(32) DEFAULT NULL,
  `USERID` varchar(32) DEFAULT NULL,
  PRIMARY KEY (`ID`),
  KEY `FK_mnq23hlc835n4ufgjl7nkn3bd` (`USERID`),
  CONSTRAINT `FK_mnq23hlc835n4ufgjl7nkn3bd` FOREIGN KEY (`USERID`) REFERENCES `t_s_user` (`id`)
) ENGINE=InnoDB DEFAULT CHARSET=utf8;

#
# Data for table "t_s_attachment"
#

INSERT INTO `t_s_attachment` VALUES ('40283f824d840865014d8409018a0008',NULL,'JR079839867R90000001000',NULL,NULL,'doc',NULL,'JR079839867R90000001000',NULL,'upload/files/20130719201109hDr31jP1.swf',NULL,NULL,NULL),('40283f824d840865014d8409018e0009',NULL,'JEECG平台协议',NULL,NULL,'docx',NULL,'JEECG平台协议',NULL,'upload/files/20130719201156sYHjSFJj.swf',NULL,NULL,NULL),('40283f824d840865014d8409018f000a',NULL,'分析JEECG与其他的开源项目的不足和优势',NULL,NULL,'docx',NULL,'分析JEECG与其他的开源项目的不足和优势',NULL,'upload/files/20130719201727ZLEX1OSf.swf',NULL,NULL,NULL),('40283f824d840865014d84090190000b',NULL,'DMS-T3第三方租赁业务接口开发说明',NULL,NULL,'docx',NULL,'DMS-T3第三方租赁业务接口开发说明',NULL,'upload/files/20130719201841LzcgqUek.swf',NULL,NULL,NULL),('40283f824d840865014d84090191000c',NULL,'SAP-需求说明书-金融服务公司-第三方租赁业务需求V1.7-研发',NULL,NULL,'doc',NULL,'SAP-需求说明书-金融服务公司-第三方租赁业务需求V1.7-研发',NULL,'upload/files/20130719201925mkCrU47P.swf',NULL,NULL,NULL),('40283f824d840865014d84090194000d',NULL,'JEECG团队开发规范',NULL,NULL,'txt',NULL,'JEECG团队开发规范',NULL,'upload/files/20130724103633fvOTwNSV.swf',NULL,NULL,NULL),('40283f824d840865014d84090195000e',NULL,'第一模板',NULL,NULL,'doc',NULL,'第一模板',NULL,'upload/files/20130724104603pHDw4QUT.swf',NULL,NULL,NULL),('40283f824d840865014d84090196000f',NULL,'github入门使用教程',NULL,NULL,'doc',NULL,'github入门使用教程',NULL,'upload/files/20130704200345EakUH3WB.swf',NULL,NULL,NULL),('40283f824d840865014d840901980010',NULL,'github入门使用教程',NULL,NULL,'doc',NULL,'github入门使用教程',NULL,'upload/files/20130704200651IE8wPdZ4.swf',NULL,NULL,NULL),('40283f824d840865014d8409019a0011',NULL,'（张代浩）-金融服务公司机构岗位职责与任职资格设置表(根据模板填写）',NULL,NULL,'xlsx',NULL,'（张代浩）-金融服务公司机构岗位职责与任职资格设置表(根据模板填写）',NULL,'upload/files/20130704201022KhdRW1Gd.swf',NULL,NULL,NULL),('40283f824d840865014d8409019b0012',NULL,'EIM201_CN',NULL,NULL,'pdf',NULL,'EIM201_CN',NULL,'upload/files/20130704201046JVAkvvOt.swf',NULL,NULL,NULL),('40283f824d840865014d8409019c0013',NULL,'github入门使用教程',NULL,NULL,'doc',NULL,'github入门使用教程',NULL,'upload/files/20130704201116Z8NhEK57.swf',NULL,NULL,NULL),('40283f824d840865014d8409019e0014',NULL,'JEECGUI标签库帮助文档v3.2',NULL,NULL,'pdf',NULL,'JEECGUI标签库帮助文档v3.2',NULL,'upload/files/20130704201125DQg8hi2x.swf',NULL,NULL,NULL),('8a8a8b9e4dfa70ea014dfa769c090004',NULL,'郑大伟',NULL,NULL,'txt',NULL,'upload/files/201506161143063mvYPsPv.txt',NULL,'upload/files/201506161143063mvYPsPv.swf',NULL,NULL,NULL);

#
# Structure for table "t_s_document"
#

DROP TABLE IF EXISTS `t_s_document`;
CREATE TABLE `t_s_document` (
  `documentstate` smallint(6) DEFAULT NULL,
  `documenttitle` varchar(100) DEFAULT NULL,
  `pictureindex` blob,
  `showhome` smallint(6) DEFAULT NULL,
  `id` varchar(32) NOT NULL,
  `typeid` varchar(32) DEFAULT NULL,
  PRIMARY KEY (`id`),
  KEY `FK_qr3qlmgkflj35m5ci1xv0vvg3` (`typeid`),
  KEY `FK_f2mc12eu0umghp2i70apmtxjl` (`id`),
  CONSTRAINT `FK_f2mc12eu0umghp2i70apmtxjl` FOREIGN KEY (`id`) REFERENCES `t_s_attachment` (`ID`),
  CONSTRAINT `FK_qr3qlmgkflj35m5ci1xv0vvg3` FOREIGN KEY (`typeid`) REFERENCES `t_s_type` (`ID`)
) ENGINE=InnoDB DEFAULT CHARSET=utf8;

#
# Data for table "t_s_document"
#


#
# Structure for table "cgform_uploadfiles"
#

DROP TABLE IF EXISTS `cgform_uploadfiles`;
CREATE TABLE `cgform_uploadfiles` (
  `CGFORM_FIELD` varchar(100) NOT NULL,
  `CGFORM_ID` varchar(36) NOT NULL,
  `CGFORM_NAME` varchar(100) NOT NULL,
  `id` varchar(32) NOT NULL,
  PRIMARY KEY (`id`),
  KEY `FK_qwig8sn3okhvh4wye8nn8gdeg` (`id`),
  CONSTRAINT `FK_qwig8sn3okhvh4wye8nn8gdeg` FOREIGN KEY (`id`) REFERENCES `t_s_attachment` (`ID`)
) ENGINE=InnoDB DEFAULT CHARSET=utf8;

#
# Data for table "cgform_uploadfiles"
#


#
# Structure for table "t_finance_files"
#

DROP TABLE IF EXISTS `t_finance_files`;
CREATE TABLE `t_finance_files` (
  `id` varchar(32) NOT NULL,
  `financeId` varchar(32) DEFAULT NULL,
  PRIMARY KEY (`id`),
  KEY `FK_ij2p74feypwcda4n0n96pyd10` (`financeId`),
  KEY `FK_28m7vvi0cy5r5keke68b6f7rt` (`id`),
  CONSTRAINT `FK_28m7vvi0cy5r5keke68b6f7rt` FOREIGN KEY (`id`) REFERENCES `t_s_attachment` (`ID`),
  CONSTRAINT `FK_ij2p74feypwcda4n0n96pyd10` FOREIGN KEY (`financeId`) REFERENCES `t_finance` (`ID`)
) ENGINE=InnoDB DEFAULT CHARSET=utf8;

#
# Data for table "t_finance_files"
#

INSERT INTO `t_finance_files` VALUES ('8a8a8b9e4dfa70ea014dfa769c090004','ff8080814dd89d7d014dd89eab6e0001');

#
# Structure for table "t_s_user_org"
#

DROP TABLE IF EXISTS `t_s_user_org`;
CREATE TABLE `t_s_user_org` (
  `ID` varchar(32) NOT NULL,
  `org_id` varchar(32) DEFAULT NULL,
  `user_id` varchar(32) DEFAULT NULL,
  PRIMARY KEY (`ID`)
) ENGINE=InnoDB DEFAULT CHARSET=utf8;

#
# Data for table "t_s_user_org"
#

INSERT INTO `t_s_user_org` VALUES ('40283f824d83d46f014d83d4d08a0053','40283f824d83d46f014d83d4cfc50016','40283f824d83d46f014d83d4d0840052'),('40283f824d83d46f014d83d4d0910055','40283f824d83d46f014d83d4cfc50016','40283f824d83d46f014d83d4d08d0054'),('40283f824d83d46f014d83d4d0980057','40283f824d83d46f014d83d4cfc50016','40283f824d83d46f014d83d4d0940056'),('40283f824d83d46f014d83d4d0a00059','40283f824d83d46f014d83d4cfc50016','40283f824d83d46f014d83d4d09b0058'),('40283f824d83d5a4014d83d5bc290053','40283f824d83d5a4014d83d5bb6e0016','40283f824d83d5a4014d83d5bc220052'),('40283f824d83d5a4014d83d5bc310055','40283f824d83d5a4014d83d5bb6e0016','40283f824d83d5a4014d83d5bc2e0054'),('40283f824d83d5a4014d83d5bc390057','40283f824d83d5a4014d83d5bb6e0016','40283f824d83d5a4014d83d5bc350056'),('40283f824d83d5a4014d83d5bc410059','40283f824d83d5a4014d83d5bb6e0016','40283f824d83d5a4014d83d5bc3c0058'),('40283f824d83d5a4014d83d6516301e9','40283f824d83d5a4014d83d6512a01ac','40283f824d83d5a4014d83d6516101e8'),('40283f824d83d5a4014d83d6516701eb','40283f824d83d5a4014d83d6512a01ac','40283f824d83d5a4014d83d6516301ea'),('40283f824d83d5a4014d83d6516901ed','40283f824d83d5a4014d83d6512a01ac','40283f824d83d5a4014d83d6516801ec'),('40283f824d83d5a4014d83d6516b01ef','40283f824d83d5a4014d83d6512a01ac','40283f824d83d5a4014d83d6516a01ee');

#
# Structure for table "t_s_version"
#

DROP TABLE IF EXISTS `t_s_version`;
CREATE TABLE `t_s_version` (
  `ID` varchar(32) NOT NULL,
  `loginpage` varchar(100) DEFAULT NULL,
  `versioncode` varchar(50) DEFAULT NULL,
  `versionname` varchar(30) DEFAULT NULL,
  `versionnum` varchar(20) DEFAULT NULL,
  PRIMARY KEY (`ID`)
) ENGINE=InnoDB DEFAULT CHARSET=utf8;

#
# Data for table "t_s_version"
#


#
# Structure for table "terminal"
#

DROP TABLE IF EXISTS `terminal`;
CREATE TABLE `terminal` (
  `ID` varchar(32) DEFAULT NULL,
  `TERMINAL_ID` varchar(32) NOT NULL DEFAULT '' COMMENT '终端编号',
  `TERMINAL_NAME` varchar(50) NOT NULL DEFAULT '' COMMENT '终端名称',
  `TERMINAL_IP` varchar(25) NOT NULL DEFAULT '' COMMENT '终端IP',
  `TERMINAL_PORT` varchar(10) DEFAULT NULL COMMENT '终端端口',
  `BANK_ID` varchar(32) DEFAULT NULL COMMENT '银行网点',
  `STORAGE_ID` varchar(32) DEFAULT NULL COMMENT '存储设备编号',
  `STATUS` varchar(2) NOT NULL DEFAULT '' COMMENT '是否启用',
  `UPLOAD_TIME` time NOT NULL DEFAULT '00:00:00' COMMENT '上传开始时间',
  `PRE_TIME` int(11) NOT NULL DEFAULT '0' COMMENT '预录像时间',
  `DELAY_TIME` int(11) NOT NULL DEFAULT '0' COMMENT '录像延迟时间',
  `TIME_END` time NOT NULL DEFAULT '00:00:00' COMMENT '上传结束时间',
  `EMP_ID` varchar(32) DEFAULT NULL COMMENT '员工编号',
  `IS_NORMAL` varchar(1) DEFAULT '0' COMMENT '正常工作状态',
  PRIMARY KEY (`TERMINAL_ID`)
) ENGINE=InnoDB DEFAULT CHARSET=utf8;

#
# Data for table "terminal"
#

INSERT INTO `terminal` VALUES ('297e97964dc3dbd3014dc3e182e30002','111','理财002','192.168.1.19','3306','8a2380e34d9ae790014d9afc13ac000c','jn001','01','09:20:15',1,1,'09:20:22',NULL,'0');
#
# Structure for table "warn_center"
#

DROP TABLE IF EXISTS `warn_center`;
CREATE TABLE `warn_center` (
  `ID` varchar(32) DEFAULT NULL,
  `WARN_ID` varchar(32) NOT NULL DEFAULT '' COMMENT '流水号',
  `WARN_DATE` varchar(255) DEFAULT NULL COMMENT '报警日期',
  `WARN_TIME` datetime DEFAULT NULL COMMENT '报警时间',
  `WARN_TYPE` varchar(50) NOT NULL DEFAULT '' COMMENT '报警类型',
  `WARN_CON` varchar(200) NOT NULL DEFAULT '' COMMENT '报警内容',
  `NOTE` varchar(100) DEFAULT NULL COMMENT '备注',
  PRIMARY KEY (`WARN_ID`)
) ENGINE=InnoDB DEFAULT CHARSET=utf8;

#
# Data for table "warn_center"
#

